"Title","Description","BiocVersion","Genome","SourceType","SourceUrl","SourceVersion","Species","TaxonomyId","Coordinate_1_based","DataProvider","Maintainer","RDataClass","DispatchClass","RDataPath","Tags"
"LRBaseDb for Anolis carolinensis (Anole lizard, v012)","Correspondence table between Ligand Gene ID and Receptor ID for Anolis carolinensis (Anole lizard)","3.24",NA,"CSV","https://github.com/rikenbit/lrbase-workflow","16-Sep-2026","Anolis carolinensis",28377,NA,"FANTOM5,DLRP,IUPHAR,HPRD,STRING,SWISSPROT,TREMBL,ENSEMBL,CELLPHONEDB,BADERLAB,SINGLECELLSIGNALR,HOMOLOGENE","Koki Tsuyuzaki <k.t.the-answer@hotmail.co.jp>","SQLiteFile","FilePath","AHLRBaseDbs/v012/LRBase.Aca.eg.db.sqlite","LRBaseDb:LRBase:NCBI:Gene:NCBI Gene:FANTOM5:DLRP:IUPHAR:HPRD:STRING:UNIPROTKB:SWISSPROT:TREMBL:ENSEMBL:CELLPHONEDB:BADERLAB:SINGLECELLSIGNALR:BIOMART:HOMOLOGENE:Annotation:LRBase.Aca.eg.db:Anolis carolinensis:Anole lizard:v012"
"LRBaseDb for Aquila chrysaetos chrysaetos (Golden eagle, v012)","Correspondence table between Ligand Gene ID and Receptor ID for Aquila chrysaetos chrysaetos (Golden eagle)","3.24",NA,"CSV","https://github.com/rikenbit/lrbase-workflow","16-Sep-2026","Aquila chrysaetos chrysaetos",223781,NA,"FANTOM5,DLRP,IUPHAR,HPRD,STRING,SWISSPROT,TREMBL,ENSEMBL,CELLPHONEDB,BADERLAB,SINGLECELLSIGNALR,HOMOLOGENE","Koki Tsuyuzaki <k.t.the-answer@hotmail.co.jp>","SQLiteFile","FilePath","AHLRBaseDbs/v012/LRBase.Acc.eg.db.sqlite","LRBaseDb:LRBase:NCBI:Gene:NCBI Gene:FANTOM5:DLRP:IUPHAR:HPRD:STRING:UNIPROTKB:SWISSPROT:TREMBL:ENSEMBL:CELLPHONEDB:BADERLAB:SINGLECELLSIGNALR:BIOMART:HOMOLOGENE:Annotation:LRBase.Acc.eg.db:Aquila chrysaetos chrysaetos:Golden eagle:v012"
"LRBaseDb for Astatotilapia calliptera (Eastern happy, v012)","Correspondence table between Ligand Gene ID and Receptor ID for Astatotilapia calliptera (Eastern happy)","3.24",NA,"CSV","https://github.com/rikenbit/lrbase-workflow","16-Sep-2026","Astatotilapia calliptera",8154,NA,"FANTOM5,DLRP,IUPHAR,HPRD,STRING,SWISSPROT,TREMBL,ENSEMBL,CELLPHONEDB,BADERLAB,SINGLECELLSIGNALR,HOMOLOGENE","Koki Tsuyuzaki <k.t.the-answer@hotmail.co.jp>","SQLiteFile","FilePath","AHLRBaseDbs/v012/LRBase.Acl.eg.db.sqlite","LRBaseDb:LRBase:NCBI:Gene:NCBI Gene:FANTOM5:DLRP:IUPHAR:HPRD:STRING:UNIPROTKB:SWISSPROT:TREMBL:ENSEMBL:CELLPHONEDB:BADERLAB:SINGLECELLSIGNALR:BIOMART:HOMOLOGENE:Annotation:LRBase.Acl.eg.db:Astatotilapia calliptera:Eastern happy:v012"
"LRBaseDb for Ailuropoda melanoleuca (Panda, v012)","Correspondence table between Ligand Gene ID and Receptor ID for Ailuropoda melanoleuca (Panda)","3.24",NA,"CSV","https://github.com/rikenbit/lrbase-workflow","16-Sep-2026","Ailuropoda melanoleuca",9646,NA,"FANTOM5,DLRP,IUPHAR,HPRD,STRING,SWISSPROT,TREMBL,ENSEMBL,CELLPHONEDB,BADERLAB,SINGLECELLSIGNALR,HOMOLOGENE","Koki Tsuyuzaki <k.t.the-answer@hotmail.co.jp>","SQLiteFile","FilePath","AHLRBaseDbs/v012/LRBase.Ame.eg.db.sqlite","LRBaseDb:LRBase:NCBI:Gene:NCBI Gene:FANTOM5:DLRP:IUPHAR:HPRD:STRING:UNIPROTKB:SWISSPROT:TREMBL:ENSEMBL:CELLPHONEDB:BADERLAB:SINGLECELLSIGNALR:BIOMART:HOMOLOGENE:Annotation:LRBase.Ame.eg.db:Ailuropoda melanoleuca:Panda:v012"
"LRBaseDb for Apis mellifera (Honey bee, v012)","Correspondence table between Ligand Gene ID and Receptor ID for Apis mellifera (Honey bee)","3.24",NA,"CSV","https://github.com/rikenbit/lrbase-workflow","16-Sep-2026","Apis mellifera",7460,NA,"FANTOM5,DLRP,IUPHAR,HPRD,STRING,SWISSPROT,TREMBL,ENSEMBL,CELLPHONEDB,BADERLAB,SINGLECELLSIGNALR,HOMOLOGENE","Koki Tsuyuzaki <k.t.the-answer@hotmail.co.jp>","SQLiteFile","FilePath","AHLRBaseDbs/v012/LRBase.Aml.eg.db.sqlite","LRBaseDb:LRBase:NCBI:Gene:NCBI Gene:FANTOM5:DLRP:IUPHAR:HPRD:STRING:UNIPROTKB:SWISSPROT:TREMBL:ENSEMBL:CELLPHONEDB:BADERLAB:SINGLECELLSIGNALR:BIOMART:HOMOLOGENE:Annotation:LRBase.Aml.eg.db:Apis mellifera:Honey bee:v012"
"LRBaseDb for Astyanax mexicanus (Mexican tetra, v012)","Correspondence table between Ligand Gene ID and Receptor ID for Astyanax mexicanus (Mexican tetra)","3.24",NA,"CSV","https://github.com/rikenbit/lrbase-workflow","16-Sep-2026","Astyanax mexicanus",7994,NA,"FANTOM5,DLRP,IUPHAR,HPRD,STRING,SWISSPROT,TREMBL,ENSEMBL,CELLPHONEDB,BADERLAB,SINGLECELLSIGNALR,HOMOLOGENE","Koki Tsuyuzaki <k.t.the-answer@hotmail.co.jp>","SQLiteFile","FilePath","AHLRBaseDbs/v012/LRBase.Amx.eg.db.sqlite","LRBaseDb:LRBase:NCBI:Gene:NCBI Gene:FANTOM5:DLRP:IUPHAR:HPRD:STRING:UNIPROTKB:SWISSPROT:TREMBL:ENSEMBL:CELLPHONEDB:BADERLAB:SINGLECELLSIGNALR:BIOMART:HOMOLOGENE:Annotation:LRBase.Amx.eg.db:Astyanax mexicanus:Mexican tetra:v012"
"LRBaseDb for Aotus nancymaae (Ma's night monkey, v012)","Correspondence table between Ligand Gene ID and Receptor ID for Aotus nancymaae (Ma's night monkey)","3.24",NA,"CSV","https://github.com/rikenbit/lrbase-workflow","16-Sep-2026","Aotus nancymaae",37293,NA,"FANTOM5,DLRP,IUPHAR,HPRD,STRING,SWISSPROT,TREMBL,ENSEMBL,CELLPHONEDB,BADERLAB,SINGLECELLSIGNALR,HOMOLOGENE","Koki Tsuyuzaki <k.t.the-answer@hotmail.co.jp>","SQLiteFile","FilePath","AHLRBaseDbs/v012/LRBase.Ann.eg.db.sqlite","LRBaseDb:LRBase:NCBI:Gene:NCBI Gene:FANTOM5:DLRP:IUPHAR:HPRD:STRING:UNIPROTKB:SWISSPROT:TREMBL:ENSEMBL:CELLPHONEDB:BADERLAB:SINGLECELLSIGNALR:BIOMART:HOMOLOGENE:Annotation:LRBase.Ann.eg.db:Aotus nancymaae:Ma's night monkey:v012"
"LRBaseDb for Anabas testudineus (Climbing perch, v012)","Correspondence table between Ligand Gene ID and Receptor ID for Anabas testudineus (Climbing perch)","3.24",NA,"CSV","https://github.com/rikenbit/lrbase-workflow","16-Sep-2026","Anabas testudineus",64144,NA,"FANTOM5,DLRP,IUPHAR,HPRD,STRING,SWISSPROT,TREMBL,ENSEMBL,CELLPHONEDB,BADERLAB,SINGLECELLSIGNALR,HOMOLOGENE","Koki Tsuyuzaki <k.t.the-answer@hotmail.co.jp>","SQLiteFile","FilePath","AHLRBaseDbs/v012/LRBase.Ate.eg.db.sqlite","LRBaseDb:LRBase:NCBI:Gene:NCBI Gene:FANTOM5:DLRP:IUPHAR:HPRD:STRING:UNIPROTKB:SWISSPROT:TREMBL:ENSEMBL:CELLPHONEDB:BADERLAB:SINGLECELLSIGNALR:BIOMART:HOMOLOGENE:Annotation:LRBase.Ate.eg.db:Anabas testudineus:Climbing perch:v012"
"LRBaseDb for Arabidopsis thaliana (Thale cress, v012)","Correspondence table between Ligand Gene ID and Receptor ID for Arabidopsis thaliana (Thale cress)","3.24",NA,"CSV","https://github.com/rikenbit/lrbase-workflow","16-Sep-2026","Arabidopsis thaliana",3702,NA,"FANTOM5,DLRP,IUPHAR,HPRD,STRING,SWISSPROT,TREMBL,ENSEMBL,CELLPHONEDB,BADERLAB,SINGLECELLSIGNALR,HOMOLOGENE","Koki Tsuyuzaki <k.t.the-answer@hotmail.co.jp>","SQLiteFile","FilePath","AHLRBaseDbs/v012/LRBase.Ath.eg.db.sqlite","LRBaseDb:LRBase:NCBI:Gene:NCBI Gene:FANTOM5:DLRP:IUPHAR:HPRD:STRING:UNIPROTKB:SWISSPROT:TREMBL:ENSEMBL:CELLPHONEDB:BADERLAB:SINGLECELLSIGNALR:BIOMART:HOMOLOGENE:Annotation:LRBase.Ath.eg.db:Arabidopsis thaliana:Thale cress:v012"
"LRBaseDb for Bison bison bison (American bison, v012)","Correspondence table between Ligand Gene ID and Receptor ID for Bison bison bison (American bison)","3.24",NA,"CSV","https://github.com/rikenbit/lrbase-workflow","16-Sep-2026","Bison bison bison",43346,NA,"FANTOM5,DLRP,IUPHAR,HPRD,STRING,SWISSPROT,TREMBL,ENSEMBL,CELLPHONEDB,BADERLAB,SINGLECELLSIGNALR,HOMOLOGENE","Koki Tsuyuzaki <k.t.the-answer@hotmail.co.jp>","SQLiteFile","FilePath","AHLRBaseDbs/v012/LRBase.Bbb.eg.db.sqlite","LRBaseDb:LRBase:NCBI:Gene:NCBI Gene:FANTOM5:DLRP:IUPHAR:HPRD:STRING:UNIPROTKB:SWISSPROT:TREMBL:ENSEMBL:CELLPHONEDB:BADERLAB:SINGLECELLSIGNALR:BIOMART:HOMOLOGENE:Annotation:LRBase.Bbb.eg.db:Bison bison bison:American bison:v012"
"LRBaseDb for Branchiostoma floridae (Lancelet, v012)","Correspondence table between Ligand Gene ID and Receptor ID for Branchiostoma floridae (Lancelet)","3.24",NA,"CSV","https://github.com/rikenbit/lrbase-workflow","16-Sep-2026","Branchiostoma floridae",7739,NA,"FANTOM5,DLRP,IUPHAR,HPRD,STRING,SWISSPROT,TREMBL,ENSEMBL,CELLPHONEDB,BADERLAB,SINGLECELLSIGNALR,HOMOLOGENE","Koki Tsuyuzaki <k.t.the-answer@hotmail.co.jp>","SQLiteFile","FilePath","AHLRBaseDbs/v012/LRBase.Bfl.eg.db.sqlite","LRBaseDb:LRBase:NCBI:Gene:NCBI Gene:FANTOM5:DLRP:IUPHAR:HPRD:STRING:UNIPROTKB:SWISSPROT:TREMBL:ENSEMBL:CELLPHONEDB:BADERLAB:SINGLECELLSIGNALR:BIOMART:HOMOLOGENE:Annotation:LRBase.Bfl.eg.db:Branchiostoma floridae:Lancelet:v012"
"LRBaseDb for Bos indicus x Bos taurus (Hybrid - Bos Indicus, v012)","Correspondence table between Ligand Gene ID and Receptor ID for Bos indicus x Bos taurus (Hybrid - Bos Indicus)","3.24",NA,"CSV","https://github.com/rikenbit/lrbase-workflow","16-Sep-2026","Bos indicus x Bos taurus",30522,NA,"FANTOM5,DLRP,IUPHAR,HPRD,STRING,SWISSPROT,TREMBL,ENSEMBL,CELLPHONEDB,BADERLAB,SINGLECELLSIGNALR,HOMOLOGENE","Koki Tsuyuzaki <k.t.the-answer@hotmail.co.jp>","SQLiteFile","FilePath","AHLRBaseDbs/v012/LRBase.Bit.eg.db.sqlite","LRBaseDb:LRBase:NCBI:Gene:NCBI Gene:FANTOM5:DLRP:IUPHAR:HPRD:STRING:UNIPROTKB:SWISSPROT:TREMBL:ENSEMBL:CELLPHONEDB:BADERLAB:SINGLECELLSIGNALR:BIOMART:HOMOLOGENE:Annotation:LRBase.Bit.eg.db:Bos indicus x Bos taurus:Hybrid - Bos Indicus:v012"
"LRBaseDb for Bos mutus (Wild yak, v012)","Correspondence table between Ligand Gene ID and Receptor ID for Bos mutus (Wild yak)","3.24",NA,"CSV","https://github.com/rikenbit/lrbase-workflow","16-Sep-2026","Bos mutus",72004,NA,"FANTOM5,DLRP,IUPHAR,HPRD,STRING,SWISSPROT,TREMBL,ENSEMBL,CELLPHONEDB,BADERLAB,SINGLECELLSIGNALR,HOMOLOGENE","Koki Tsuyuzaki <k.t.the-answer@hotmail.co.jp>","SQLiteFile","FilePath","AHLRBaseDbs/v012/LRBase.Bmu.eg.db.sqlite","LRBaseDb:LRBase:NCBI:Gene:NCBI Gene:FANTOM5:DLRP:IUPHAR:HPRD:STRING:UNIPROTKB:SWISSPROT:TREMBL:ENSEMBL:CELLPHONEDB:BADERLAB:SINGLECELLSIGNALR:BIOMART:HOMOLOGENE:Annotation:LRBase.Bmu.eg.db:Bos mutus:Wild yak:v012"
"LRBaseDb for Bos taurus (Cow, v012)","Correspondence table between Ligand Gene ID and Receptor ID for Bos taurus (Cow)","3.24",NA,"CSV","https://github.com/rikenbit/lrbase-workflow","16-Sep-2026","Bos taurus",9913,NA,"FANTOM5,DLRP,IUPHAR,HPRD,STRING,SWISSPROT,TREMBL,ENSEMBL,CELLPHONEDB,BADERLAB,SINGLECELLSIGNALR,HOMOLOGENE","Koki Tsuyuzaki <k.t.the-answer@hotmail.co.jp>","SQLiteFile","FilePath","AHLRBaseDbs/v012/LRBase.Bta.eg.db.sqlite","LRBaseDb:LRBase:NCBI:Gene:NCBI Gene:FANTOM5:DLRP:IUPHAR:HPRD:STRING:UNIPROTKB:SWISSPROT:TREMBL:ENSEMBL:CELLPHONEDB:BADERLAB:SINGLECELLSIGNALR:BIOMART:HOMOLOGENE:Annotation:LRBase.Bta.eg.db:Bos taurus:Cow:v012"
"LRBaseDb for Camelus dromedarius (Arabian camel, v012)","Correspondence table between Ligand Gene ID and Receptor ID for Camelus dromedarius (Arabian camel)","3.24",NA,"CSV","https://github.com/rikenbit/lrbase-workflow","16-Sep-2026","Camelus dromedarius",9838,NA,"FANTOM5,DLRP,IUPHAR,HPRD,STRING,SWISSPROT,TREMBL,ENSEMBL,CELLPHONEDB,BADERLAB,SINGLECELLSIGNALR,HOMOLOGENE","Koki Tsuyuzaki <k.t.the-answer@hotmail.co.jp>","SQLiteFile","FilePath","AHLRBaseDbs/v012/LRBase.Cdr.eg.db.sqlite","LRBaseDb:LRBase:NCBI:Gene:NCBI Gene:FANTOM5:DLRP:IUPHAR:HPRD:STRING:UNIPROTKB:SWISSPROT:TREMBL:ENSEMBL:CELLPHONEDB:BADERLAB:SINGLECELLSIGNALR:BIOMART:HOMOLOGENE:Annotation:LRBase.Cdr.eg.db:Camelus dromedarius:Arabian camel:v012"
"LRBaseDb for Caenorhabditis elegans (Worm, v012)","Correspondence table between Ligand Gene ID and Receptor ID for Caenorhabditis elegans (Worm)","3.24",NA,"CSV","https://github.com/rikenbit/lrbase-workflow","16-Sep-2026","Caenorhabditis elegans",6239,NA,"FANTOM5,DLRP,IUPHAR,HPRD,STRING,SWISSPROT,TREMBL,ENSEMBL,CELLPHONEDB,BADERLAB,SINGLECELLSIGNALR,HOMOLOGENE","Koki Tsuyuzaki <k.t.the-answer@hotmail.co.jp>","SQLiteFile","FilePath","AHLRBaseDbs/v012/LRBase.Cel.eg.db.sqlite","LRBaseDb:LRBase:NCBI:Gene:NCBI Gene:FANTOM5:DLRP:IUPHAR:HPRD:STRING:UNIPROTKB:SWISSPROT:TREMBL:ENSEMBL:CELLPHONEDB:BADERLAB:SINGLECELLSIGNALR:BIOMART:HOMOLOGENE:Annotation:LRBase.Cel.eg.db:Caenorhabditis elegans:Worm:v012"
"LRBaseDb for Canis familiaris (Dog, v012)","Correspondence table between Ligand Gene ID and Receptor ID for Canis familiaris (Dog)","3.24",NA,"CSV","https://github.com/rikenbit/lrbase-workflow","16-Sep-2026","Canis familiaris",9615,NA,"FANTOM5,DLRP,IUPHAR,HPRD,STRING,SWISSPROT,TREMBL,ENSEMBL,CELLPHONEDB,BADERLAB,SINGLECELLSIGNALR,HOMOLOGENE","Koki Tsuyuzaki <k.t.the-answer@hotmail.co.jp>","SQLiteFile","FilePath","AHLRBaseDbs/v012/LRBase.Cfa.eg.db.sqlite","LRBaseDb:LRBase:NCBI:Gene:NCBI Gene:FANTOM5:DLRP:IUPHAR:HPRD:STRING:UNIPROTKB:SWISSPROT:TREMBL:ENSEMBL:CELLPHONEDB:BADERLAB:SINGLECELLSIGNALR:BIOMART:HOMOLOGENE:Annotation:LRBase.Cfa.eg.db:Canis familiaris:Dog:v012"
"LRBaseDb for Cottoperca gobio (Channel bull blenny, v012)","Correspondence table between Ligand Gene ID and Receptor ID for Cottoperca gobio (Channel bull blenny)","3.24",NA,"CSV","https://github.com/rikenbit/lrbase-workflow","16-Sep-2026","Cottoperca gobio",56716,NA,"FANTOM5,DLRP,IUPHAR,HPRD,STRING,SWISSPROT,TREMBL,ENSEMBL,CELLPHONEDB,BADERLAB,SINGLECELLSIGNALR,HOMOLOGENE","Koki Tsuyuzaki <k.t.the-answer@hotmail.co.jp>","SQLiteFile","FilePath","AHLRBaseDbs/v012/LRBase.Cgo.eg.db.sqlite","LRBaseDb:LRBase:NCBI:Gene:NCBI Gene:FANTOM5:DLRP:IUPHAR:HPRD:STRING:UNIPROTKB:SWISSPROT:TREMBL:ENSEMBL:CELLPHONEDB:BADERLAB:SINGLECELLSIGNALR:BIOMART:HOMOLOGENE:Annotation:LRBase.Cgo.eg.db:Cottoperca gobio:Channel bull blenny:v012"
"LRBaseDb for Clupea harengus (Atlantic herring, v012)","Correspondence table between Ligand Gene ID and Receptor ID for Clupea harengus (Atlantic herring)","3.24",NA,"CSV","https://github.com/rikenbit/lrbase-workflow","16-Sep-2026","Clupea harengus",7950,NA,"FANTOM5,DLRP,IUPHAR,HPRD,STRING,SWISSPROT,TREMBL,ENSEMBL,CELLPHONEDB,BADERLAB,SINGLECELLSIGNALR,HOMOLOGENE","Koki Tsuyuzaki <k.t.the-answer@hotmail.co.jp>","SQLiteFile","FilePath","AHLRBaseDbs/v012/LRBase.Cha.eg.db.sqlite","LRBaseDb:LRBase:NCBI:Gene:NCBI Gene:FANTOM5:DLRP:IUPHAR:HPRD:STRING:UNIPROTKB:SWISSPROT:TREMBL:ENSEMBL:CELLPHONEDB:BADERLAB:SINGLECELLSIGNALR:BIOMART:HOMOLOGENE:Annotation:LRBase.Cha.eg.db:Clupea harengus:Atlantic herring:v012"
"LRBaseDb for Capra hircus (Goat, v012)","Correspondence table between Ligand Gene ID and Receptor ID for Capra hircus (Goat)","3.24",NA,"CSV","https://github.com/rikenbit/lrbase-workflow","16-Sep-2026","Capra hircus",9925,NA,"FANTOM5,DLRP,IUPHAR,HPRD,STRING,SWISSPROT,TREMBL,ENSEMBL,CELLPHONEDB,BADERLAB,SINGLECELLSIGNALR,HOMOLOGENE","Koki Tsuyuzaki <k.t.the-answer@hotmail.co.jp>","SQLiteFile","FilePath","AHLRBaseDbs/v012/LRBase.Chi.eg.db.sqlite","LRBaseDb:LRBase:NCBI:Gene:NCBI Gene:FANTOM5:DLRP:IUPHAR:HPRD:STRING:UNIPROTKB:SWISSPROT:TREMBL:ENSEMBL:CELLPHONEDB:BADERLAB:SINGLECELLSIGNALR:BIOMART:HOMOLOGENE:Annotation:LRBase.Chi.eg.db:Capra hircus:Goat:v012"
"LRBaseDb for Ciona intestinalis (Sea squirt, v012)","Correspondence table between Ligand Gene ID and Receptor ID for Ciona intestinalis (Sea squirt)","3.24",NA,"CSV","https://github.com/rikenbit/lrbase-workflow","16-Sep-2026","Ciona intestinalis",7719,NA,"FANTOM5,DLRP,IUPHAR,HPRD,STRING,SWISSPROT,TREMBL,ENSEMBL,CELLPHONEDB,BADERLAB,SINGLECELLSIGNALR,HOMOLOGENE","Koki Tsuyuzaki <k.t.the-answer@hotmail.co.jp>","SQLiteFile","FilePath","AHLRBaseDbs/v012/LRBase.Cin.eg.db.sqlite","LRBaseDb:LRBase:NCBI:Gene:NCBI Gene:FANTOM5:DLRP:IUPHAR:HPRD:STRING:UNIPROTKB:SWISSPROT:TREMBL:ENSEMBL:CELLPHONEDB:BADERLAB:SINGLECELLSIGNALR:BIOMART:HOMOLOGENE:Annotation:LRBase.Cin.eg.db:Ciona intestinalis:Sea squirt:v012"
"LRBaseDb for Callithrix jacchus (Marmoset, v012)","Correspondence table between Ligand Gene ID and Receptor ID for Callithrix jacchus (Marmoset)","3.24",NA,"CSV","https://github.com/rikenbit/lrbase-workflow","16-Sep-2026","Callithrix jacchus",9483,NA,"FANTOM5,DLRP,IUPHAR,HPRD,STRING,SWISSPROT,TREMBL,ENSEMBL,CELLPHONEDB,BADERLAB,SINGLECELLSIGNALR,HOMOLOGENE","Koki Tsuyuzaki <k.t.the-answer@hotmail.co.jp>","SQLiteFile","FilePath","AHLRBaseDbs/v012/LRBase.Cja.eg.db.sqlite","LRBaseDb:LRBase:NCBI:Gene:NCBI Gene:FANTOM5:DLRP:IUPHAR:HPRD:STRING:UNIPROTKB:SWISSPROT:TREMBL:ENSEMBL:CELLPHONEDB:BADERLAB:SINGLECELLSIGNALR:BIOMART:HOMOLOGENE:Annotation:LRBase.Cja.eg.db:Callithrix jacchus:Marmoset:v012"
"LRBaseDb for Coturnix japonica (Japanese quail, v012)","Correspondence table between Ligand Gene ID and Receptor ID for Coturnix japonica (Japanese quail)","3.24",NA,"CSV","https://github.com/rikenbit/lrbase-workflow","16-Sep-2026","Coturnix japonica",93934,NA,"FANTOM5,DLRP,IUPHAR,HPRD,STRING,SWISSPROT,TREMBL,ENSEMBL,CELLPHONEDB,BADERLAB,SINGLECELLSIGNALR,HOMOLOGENE","Koki Tsuyuzaki <k.t.the-answer@hotmail.co.jp>","SQLiteFile","FilePath","AHLRBaseDbs/v012/LRBase.Cjp.eg.db.sqlite","LRBaseDb:LRBase:NCBI:Gene:NCBI Gene:FANTOM5:DLRP:IUPHAR:HPRD:STRING:UNIPROTKB:SWISSPROT:TREMBL:ENSEMBL:CELLPHONEDB:BADERLAB:SINGLECELLSIGNALR:BIOMART:HOMOLOGENE:Annotation:LRBase.Cjp.eg.db:Coturnix japonica:Japanese quail:v012"
"LRBaseDb for Chinchilla lanigera (Long-tailed chinchilla, v012)","Correspondence table between Ligand Gene ID and Receptor ID for Chinchilla lanigera (Long-tailed chinchilla)","3.24",NA,"CSV","https://github.com/rikenbit/lrbase-workflow","16-Sep-2026","Chinchilla lanigera",34839,NA,"FANTOM5,DLRP,IUPHAR,HPRD,STRING,SWISSPROT,TREMBL,ENSEMBL,CELLPHONEDB,BADERLAB,SINGLECELLSIGNALR,HOMOLOGENE","Koki Tsuyuzaki <k.t.the-answer@hotmail.co.jp>","SQLiteFile","FilePath","AHLRBaseDbs/v012/LRBase.Cla.eg.db.sqlite","LRBaseDb:LRBase:NCBI:Gene:NCBI Gene:FANTOM5:DLRP:IUPHAR:HPRD:STRING:UNIPROTKB:SWISSPROT:TREMBL:ENSEMBL:CELLPHONEDB:BADERLAB:SINGLECELLSIGNALR:BIOMART:HOMOLOGENE:Annotation:LRBase.Cla.eg.db:Chinchilla lanigera:Long-tailed chinchilla:v012"
"LRBaseDb for Canis lupus dingo (Dingo, v012)","Correspondence table between Ligand Gene ID and Receptor ID for Canis lupus dingo (Dingo)","3.24",NA,"CSV","https://github.com/rikenbit/lrbase-workflow","16-Sep-2026","Canis lupus dingo",286419,NA,"FANTOM5,DLRP,IUPHAR,HPRD,STRING,SWISSPROT,TREMBL,ENSEMBL,CELLPHONEDB,BADERLAB,SINGLECELLSIGNALR,HOMOLOGENE","Koki Tsuyuzaki <k.t.the-answer@hotmail.co.jp>","SQLiteFile","FilePath","AHLRBaseDbs/v012/LRBase.Cld.eg.db.sqlite","LRBaseDb:LRBase:NCBI:Gene:NCBI Gene:FANTOM5:DLRP:IUPHAR:HPRD:STRING:UNIPROTKB:SWISSPROT:TREMBL:ENSEMBL:CELLPHONEDB:BADERLAB:SINGLECELLSIGNALR:BIOMART:HOMOLOGENE:Annotation:LRBase.Cld.eg.db:Canis lupus dingo:Dingo:v012"
"LRBaseDb for Chrysemys picta bellii (Painted turtle, v012)","Correspondence table between Ligand Gene ID and Receptor ID for Chrysemys picta bellii (Painted turtle)","3.24",NA,"CSV","https://github.com/rikenbit/lrbase-workflow","16-Sep-2026","Chrysemys picta bellii",8478,NA,"FANTOM5,DLRP,IUPHAR,HPRD,STRING,SWISSPROT,TREMBL,ENSEMBL,CELLPHONEDB,BADERLAB,SINGLECELLSIGNALR,HOMOLOGENE","Koki Tsuyuzaki <k.t.the-answer@hotmail.co.jp>","SQLiteFile","FilePath","AHLRBaseDbs/v012/LRBase.Cpb.eg.db.sqlite","LRBaseDb:LRBase:NCBI:Gene:NCBI Gene:FANTOM5:DLRP:IUPHAR:HPRD:STRING:UNIPROTKB:SWISSPROT:TREMBL:ENSEMBL:CELLPHONEDB:BADERLAB:SINGLECELLSIGNALR:BIOMART:HOMOLOGENE:Annotation:LRBase.Cpb.eg.db:Chrysemys picta bellii:Painted turtle:v012"
"LRBaseDb for Cavia porcellus (Guinea pig, v012)","Correspondence table between Ligand Gene ID and Receptor ID for Cavia porcellus (Guinea pig)","3.24",NA,"CSV","https://github.com/rikenbit/lrbase-workflow","16-Sep-2026","Cavia porcellus",10141,NA,"FANTOM5,DLRP,IUPHAR,HPRD,STRING,SWISSPROT,TREMBL,ENSEMBL,CELLPHONEDB,BADERLAB,SINGLECELLSIGNALR,HOMOLOGENE","Koki Tsuyuzaki <k.t.the-answer@hotmail.co.jp>","SQLiteFile","FilePath","AHLRBaseDbs/v012/LRBase.Cpo.eg.db.sqlite","LRBaseDb:LRBase:NCBI:Gene:NCBI Gene:FANTOM5:DLRP:IUPHAR:HPRD:STRING:UNIPROTKB:SWISSPROT:TREMBL:ENSEMBL:CELLPHONEDB:BADERLAB:SINGLECELLSIGNALR:BIOMART:HOMOLOGENE:Annotation:LRBase.Cpo.eg.db:Cavia porcellus:Guinea pig:v012"
"LRBaseDb for Crocodylus porosus (Australian saltwater crocodile, v012)","Correspondence table between Ligand Gene ID and Receptor ID for Crocodylus porosus (Australian saltwater crocodile)","3.24",NA,"CSV","https://github.com/rikenbit/lrbase-workflow","16-Sep-2026","Crocodylus porosus",8502,NA,"FANTOM5,DLRP,IUPHAR,HPRD,STRING,SWISSPROT,TREMBL,ENSEMBL,CELLPHONEDB,BADERLAB,SINGLECELLSIGNALR,HOMOLOGENE","Koki Tsuyuzaki <k.t.the-answer@hotmail.co.jp>","SQLiteFile","FilePath","AHLRBaseDbs/v012/LRBase.Cpr.eg.db.sqlite","LRBaseDb:LRBase:NCBI:Gene:NCBI Gene:FANTOM5:DLRP:IUPHAR:HPRD:STRING:UNIPROTKB:SWISSPROT:TREMBL:ENSEMBL:CELLPHONEDB:BADERLAB:SINGLECELLSIGNALR:BIOMART:HOMOLOGENE:Annotation:LRBase.Cpr.eg.db:Crocodylus porosus:Australian saltwater crocodile:v012"
"LRBaseDb for Chlorocebus sabaeus (Green monkey, v012)","Correspondence table between Ligand Gene ID and Receptor ID for Chlorocebus sabaeus (Green monkey)","3.24",NA,"CSV","https://github.com/rikenbit/lrbase-workflow","16-Sep-2026","Chlorocebus sabaeus",60711,NA,"FANTOM5,DLRP,IUPHAR,HPRD,STRING,SWISSPROT,TREMBL,ENSEMBL,CELLPHONEDB,BADERLAB,SINGLECELLSIGNALR,HOMOLOGENE","Koki Tsuyuzaki <k.t.the-answer@hotmail.co.jp>","SQLiteFile","FilePath","AHLRBaseDbs/v012/LRBase.Csa.eg.db.sqlite","LRBaseDb:LRBase:NCBI:Gene:NCBI Gene:FANTOM5:DLRP:IUPHAR:HPRD:STRING:UNIPROTKB:SWISSPROT:TREMBL:ENSEMBL:CELLPHONEDB:BADERLAB:SINGLECELLSIGNALR:BIOMART:HOMOLOGENE:Annotation:LRBase.Csa.eg.db:Chlorocebus sabaeus:Green monkey:v012"
"LRBaseDb for Cynoglossus semilaevis (Tongue sole, v012)","Correspondence table between Ligand Gene ID and Receptor ID for Cynoglossus semilaevis (Tongue sole)","3.24",NA,"CSV","https://github.com/rikenbit/lrbase-workflow","16-Sep-2026","Cynoglossus semilaevis",244447,NA,"FANTOM5,DLRP,IUPHAR,HPRD,STRING,SWISSPROT,TREMBL,ENSEMBL,CELLPHONEDB,BADERLAB,SINGLECELLSIGNALR,HOMOLOGENE","Koki Tsuyuzaki <k.t.the-answer@hotmail.co.jp>","SQLiteFile","FilePath","AHLRBaseDbs/v012/LRBase.Cse.eg.db.sqlite","LRBaseDb:LRBase:NCBI:Gene:NCBI Gene:FANTOM5:DLRP:IUPHAR:HPRD:STRING:UNIPROTKB:SWISSPROT:TREMBL:ENSEMBL:CELLPHONEDB:BADERLAB:SINGLECELLSIGNALR:BIOMART:HOMOLOGENE:Annotation:LRBase.Cse.eg.db:Cynoglossus semilaevis:Tongue sole:v012"
"LRBaseDb for Carlito syrichta (Tarsier, v012)","Correspondence table between Ligand Gene ID and Receptor ID for Carlito syrichta (Tarsier)","3.24",NA,"CSV","https://github.com/rikenbit/lrbase-workflow","16-Sep-2026","Carlito syrichta",1868482,NA,"FANTOM5,DLRP,IUPHAR,HPRD,STRING,SWISSPROT,TREMBL,ENSEMBL,CELLPHONEDB,BADERLAB,SINGLECELLSIGNALR,HOMOLOGENE","Koki Tsuyuzaki <k.t.the-answer@hotmail.co.jp>","SQLiteFile","FilePath","AHLRBaseDbs/v012/LRBase.Csy.eg.db.sqlite","LRBaseDb:LRBase:NCBI:Gene:NCBI Gene:FANTOM5:DLRP:IUPHAR:HPRD:STRING:UNIPROTKB:SWISSPROT:TREMBL:ENSEMBL:CELLPHONEDB:BADERLAB:SINGLECELLSIGNALR:BIOMART:HOMOLOGENE:Annotation:LRBase.Csy.eg.db:Carlito syrichta:Tarsier:v012"
"LRBaseDb for Cyprinodon variegatus (Sheepshead minnow, v012)","Correspondence table between Ligand Gene ID and Receptor ID for Cyprinodon variegatus (Sheepshead minnow)","3.24",NA,"CSV","https://github.com/rikenbit/lrbase-workflow","16-Sep-2026","Cyprinodon variegatus",28743,NA,"FANTOM5,DLRP,IUPHAR,HPRD,STRING,SWISSPROT,TREMBL,ENSEMBL,CELLPHONEDB,BADERLAB,SINGLECELLSIGNALR,HOMOLOGENE","Koki Tsuyuzaki <k.t.the-answer@hotmail.co.jp>","SQLiteFile","FilePath","AHLRBaseDbs/v012/LRBase.Cva.eg.db.sqlite","LRBaseDb:LRBase:NCBI:Gene:NCBI Gene:FANTOM5:DLRP:IUPHAR:HPRD:STRING:UNIPROTKB:SWISSPROT:TREMBL:ENSEMBL:CELLPHONEDB:BADERLAB:SINGLECELLSIGNALR:BIOMART:HOMOLOGENE:Annotation:LRBase.Cva.eg.db:Cyprinodon variegatus:Sheepshead minnow:v012"
"LRBaseDb for Drosophila ananassae (Fruit fly, v012)","Correspondence table between Ligand Gene ID and Receptor ID for Drosophila ananassae (Fruit fly)","3.24",NA,"CSV","https://github.com/rikenbit/lrbase-workflow","16-Sep-2026","Drosophila ananassae",7217,NA,"FANTOM5,DLRP,IUPHAR,HPRD,STRING,SWISSPROT,TREMBL,ENSEMBL,CELLPHONEDB,BADERLAB,SINGLECELLSIGNALR,HOMOLOGENE","Koki Tsuyuzaki <k.t.the-answer@hotmail.co.jp>","SQLiteFile","FilePath","AHLRBaseDbs/v012/LRBase.Dan.eg.db.sqlite","LRBaseDb:LRBase:NCBI:Gene:NCBI Gene:FANTOM5:DLRP:IUPHAR:HPRD:STRING:UNIPROTKB:SWISSPROT:TREMBL:ENSEMBL:CELLPHONEDB:BADERLAB:SINGLECELLSIGNALR:BIOMART:HOMOLOGENE:Annotation:LRBase.Dan.eg.db:Drosophila ananassae:Fruit fly:v012"
"LRBaseDb for Denticeps clupeoides (Denticle herring, v012)","Correspondence table between Ligand Gene ID and Receptor ID for Denticeps clupeoides (Denticle herring)","3.24",NA,"CSV","https://github.com/rikenbit/lrbase-workflow","16-Sep-2026","Denticeps clupeoides",299321,NA,"FANTOM5,DLRP,IUPHAR,HPRD,STRING,SWISSPROT,TREMBL,ENSEMBL,CELLPHONEDB,BADERLAB,SINGLECELLSIGNALR,HOMOLOGENE","Koki Tsuyuzaki <k.t.the-answer@hotmail.co.jp>","SQLiteFile","FilePath","AHLRBaseDbs/v012/LRBase.Dcl.eg.db.sqlite","LRBaseDb:LRBase:NCBI:Gene:NCBI Gene:FANTOM5:DLRP:IUPHAR:HPRD:STRING:UNIPROTKB:SWISSPROT:TREMBL:ENSEMBL:CELLPHONEDB:BADERLAB:SINGLECELLSIGNALR:BIOMART:HOMOLOGENE:Annotation:LRBase.Dcl.eg.db:Denticeps clupeoides:Denticle herring:v012"
"LRBaseDb for Drosophila erecta (Fruit fly, v012)","Correspondence table between Ligand Gene ID and Receptor ID for Drosophila erecta (Fruit fly)","3.24",NA,"CSV","https://github.com/rikenbit/lrbase-workflow","16-Sep-2026","Drosophila erecta",7220,NA,"FANTOM5,DLRP,IUPHAR,HPRD,STRING,SWISSPROT,TREMBL,ENSEMBL,CELLPHONEDB,BADERLAB,SINGLECELLSIGNALR,HOMOLOGENE","Koki Tsuyuzaki <k.t.the-answer@hotmail.co.jp>","SQLiteFile","FilePath","AHLRBaseDbs/v012/LRBase.Der.eg.db.sqlite","LRBaseDb:LRBase:NCBI:Gene:NCBI Gene:FANTOM5:DLRP:IUPHAR:HPRD:STRING:UNIPROTKB:SWISSPROT:TREMBL:ENSEMBL:CELLPHONEDB:BADERLAB:SINGLECELLSIGNALR:BIOMART:HOMOLOGENE:Annotation:LRBase.Der.eg.db:Drosophila erecta:Fruit fly:v012"
"LRBaseDb for Drosophila grimshawi (Fruit fly, v012)","Correspondence table between Ligand Gene ID and Receptor ID for Drosophila grimshawi (Fruit fly)","3.24",NA,"CSV","https://github.com/rikenbit/lrbase-workflow","16-Sep-2026","Drosophila grimshawi",7222,NA,"FANTOM5,DLRP,IUPHAR,HPRD,STRING,SWISSPROT,TREMBL,ENSEMBL,CELLPHONEDB,BADERLAB,SINGLECELLSIGNALR,HOMOLOGENE","Koki Tsuyuzaki <k.t.the-answer@hotmail.co.jp>","SQLiteFile","FilePath","AHLRBaseDbs/v012/LRBase.Dgr.eg.db.sqlite","LRBaseDb:LRBase:NCBI:Gene:NCBI Gene:FANTOM5:DLRP:IUPHAR:HPRD:STRING:UNIPROTKB:SWISSPROT:TREMBL:ENSEMBL:CELLPHONEDB:BADERLAB:SINGLECELLSIGNALR:BIOMART:HOMOLOGENE:Annotation:LRBase.Dgr.eg.db:Drosophila grimshawi:Fruit fly:v012"
"LRBaseDb for Drosophila melanogaster (Fruit fly, v012)","Correspondence table between Ligand Gene ID and Receptor ID for Drosophila melanogaster (Fruit fly)","3.24",NA,"CSV","https://github.com/rikenbit/lrbase-workflow","16-Sep-2026","Drosophila melanogaster",7227,NA,"FANTOM5,DLRP,IUPHAR,HPRD,STRING,SWISSPROT,TREMBL,ENSEMBL,CELLPHONEDB,BADERLAB,SINGLECELLSIGNALR,HOMOLOGENE","Koki Tsuyuzaki <k.t.the-answer@hotmail.co.jp>","SQLiteFile","FilePath","AHLRBaseDbs/v012/LRBase.Dme.eg.db.sqlite","LRBaseDb:LRBase:NCBI:Gene:NCBI Gene:FANTOM5:DLRP:IUPHAR:HPRD:STRING:UNIPROTKB:SWISSPROT:TREMBL:ENSEMBL:CELLPHONEDB:BADERLAB:SINGLECELLSIGNALR:BIOMART:HOMOLOGENE:Annotation:LRBase.Dme.eg.db:Drosophila melanogaster:Fruit fly:v012"
"LRBaseDb for Drosophila mojavensis (Fruit fly, v012)","Correspondence table between Ligand Gene ID and Receptor ID for Drosophila mojavensis (Fruit fly)","3.24",NA,"CSV","https://github.com/rikenbit/lrbase-workflow","16-Sep-2026","Drosophila mojavensis",7230,NA,"FANTOM5,DLRP,IUPHAR,HPRD,STRING,SWISSPROT,TREMBL,ENSEMBL,CELLPHONEDB,BADERLAB,SINGLECELLSIGNALR,HOMOLOGENE","Koki Tsuyuzaki <k.t.the-answer@hotmail.co.jp>","SQLiteFile","FilePath","AHLRBaseDbs/v012/LRBase.Dmo.eg.db.sqlite","LRBaseDb:LRBase:NCBI:Gene:NCBI Gene:FANTOM5:DLRP:IUPHAR:HPRD:STRING:UNIPROTKB:SWISSPROT:TREMBL:ENSEMBL:CELLPHONEDB:BADERLAB:SINGLECELLSIGNALR:BIOMART:HOMOLOGENE:Annotation:LRBase.Dmo.eg.db:Drosophila mojavensis:Fruit fly:v012"
"LRBaseDb for Dasypus novemcinctus (Armadillo, v012)","Correspondence table between Ligand Gene ID and Receptor ID for Dasypus novemcinctus (Armadillo)","3.24",NA,"CSV","https://github.com/rikenbit/lrbase-workflow","16-Sep-2026","Dasypus novemcinctus",9361,NA,"FANTOM5,DLRP,IUPHAR,HPRD,STRING,SWISSPROT,TREMBL,ENSEMBL,CELLPHONEDB,BADERLAB,SINGLECELLSIGNALR,HOMOLOGENE","Koki Tsuyuzaki <k.t.the-answer@hotmail.co.jp>","SQLiteFile","FilePath","AHLRBaseDbs/v012/LRBase.Dno.eg.db.sqlite","LRBaseDb:LRBase:NCBI:Gene:NCBI Gene:FANTOM5:DLRP:IUPHAR:HPRD:STRING:UNIPROTKB:SWISSPROT:TREMBL:ENSEMBL:CELLPHONEDB:BADERLAB:SINGLECELLSIGNALR:BIOMART:HOMOLOGENE:Annotation:LRBase.Dno.eg.db:Dasypus novemcinctus:Armadillo:v012"
"LRBaseDb for Dipodomys ordii (Kangaroo rat, v012)","Correspondence table between Ligand Gene ID and Receptor ID for Dipodomys ordii (Kangaroo rat)","3.24",NA,"CSV","https://github.com/rikenbit/lrbase-workflow","16-Sep-2026","Dipodomys ordii",10020,NA,"FANTOM5,DLRP,IUPHAR,HPRD,STRING,SWISSPROT,TREMBL,ENSEMBL,CELLPHONEDB,BADERLAB,SINGLECELLSIGNALR,HOMOLOGENE","Koki Tsuyuzaki <k.t.the-answer@hotmail.co.jp>","SQLiteFile","FilePath","AHLRBaseDbs/v012/LRBase.Dor.eg.db.sqlite","LRBaseDb:LRBase:NCBI:Gene:NCBI Gene:FANTOM5:DLRP:IUPHAR:HPRD:STRING:UNIPROTKB:SWISSPROT:TREMBL:ENSEMBL:CELLPHONEDB:BADERLAB:SINGLECELLSIGNALR:BIOMART:HOMOLOGENE:Annotation:LRBase.Dor.eg.db:Dipodomys ordii:Kangaroo rat:v012"
"LRBaseDb for Drosophila persimilis (Fruit fly, v012)","Correspondence table between Ligand Gene ID and Receptor ID for Drosophila persimilis (Fruit fly)","3.24",NA,"CSV","https://github.com/rikenbit/lrbase-workflow","16-Sep-2026","Drosophila persimilis",7234,NA,"FANTOM5,DLRP,IUPHAR,HPRD,STRING,SWISSPROT,TREMBL,ENSEMBL,CELLPHONEDB,BADERLAB,SINGLECELLSIGNALR,HOMOLOGENE","Koki Tsuyuzaki <k.t.the-answer@hotmail.co.jp>","SQLiteFile","FilePath","AHLRBaseDbs/v012/LRBase.Dpe.eg.db.sqlite","LRBaseDb:LRBase:NCBI:Gene:NCBI Gene:FANTOM5:DLRP:IUPHAR:HPRD:STRING:UNIPROTKB:SWISSPROT:TREMBL:ENSEMBL:CELLPHONEDB:BADERLAB:SINGLECELLSIGNALR:BIOMART:HOMOLOGENE:Annotation:LRBase.Dpe.eg.db:Drosophila persimilis:Fruit fly:v012"
"LRBaseDb for Danio rerio (Zebrafish, v012)","Correspondence table between Ligand Gene ID and Receptor ID for Danio rerio (Zebrafish)","3.24",NA,"CSV","https://github.com/rikenbit/lrbase-workflow","16-Sep-2026","Danio rerio",7955,NA,"FANTOM5,DLRP,IUPHAR,HPRD,STRING,SWISSPROT,TREMBL,ENSEMBL,CELLPHONEDB,BADERLAB,SINGLECELLSIGNALR,HOMOLOGENE","Koki Tsuyuzaki <k.t.the-answer@hotmail.co.jp>","SQLiteFile","FilePath","AHLRBaseDbs/v012/LRBase.Dre.eg.db.sqlite","LRBaseDb:LRBase:NCBI:Gene:NCBI Gene:FANTOM5:DLRP:IUPHAR:HPRD:STRING:UNIPROTKB:SWISSPROT:TREMBL:ENSEMBL:CELLPHONEDB:BADERLAB:SINGLECELLSIGNALR:BIOMART:HOMOLOGENE:Annotation:LRBase.Dre.eg.db:Danio rerio:Zebrafish:v012"
"LRBaseDb for Drosophila sechellia (Fruit fly, v012)","Correspondence table between Ligand Gene ID and Receptor ID for Drosophila sechellia (Fruit fly)","3.24",NA,"CSV","https://github.com/rikenbit/lrbase-workflow","16-Sep-2026","Drosophila sechellia",7238,NA,"FANTOM5,DLRP,IUPHAR,HPRD,STRING,SWISSPROT,TREMBL,ENSEMBL,CELLPHONEDB,BADERLAB,SINGLECELLSIGNALR,HOMOLOGENE","Koki Tsuyuzaki <k.t.the-answer@hotmail.co.jp>","SQLiteFile","FilePath","AHLRBaseDbs/v012/LRBase.Dse.eg.db.sqlite","LRBaseDb:LRBase:NCBI:Gene:NCBI Gene:FANTOM5:DLRP:IUPHAR:HPRD:STRING:UNIPROTKB:SWISSPROT:TREMBL:ENSEMBL:CELLPHONEDB:BADERLAB:SINGLECELLSIGNALR:BIOMART:HOMOLOGENE:Annotation:LRBase.Dse.eg.db:Drosophila sechellia:Fruit fly:v012"
"LRBaseDb for Drosophila simulans (Fruit fly, v012)","Correspondence table between Ligand Gene ID and Receptor ID for Drosophila simulans (Fruit fly)","3.24",NA,"CSV","https://github.com/rikenbit/lrbase-workflow","16-Sep-2026","Drosophila simulans",7240,NA,"FANTOM5,DLRP,IUPHAR,HPRD,STRING,SWISSPROT,TREMBL,ENSEMBL,CELLPHONEDB,BADERLAB,SINGLECELLSIGNALR,HOMOLOGENE","Koki Tsuyuzaki <k.t.the-answer@hotmail.co.jp>","SQLiteFile","FilePath","AHLRBaseDbs/v012/LRBase.Dsi.eg.db.sqlite","LRBaseDb:LRBase:NCBI:Gene:NCBI Gene:FANTOM5:DLRP:IUPHAR:HPRD:STRING:UNIPROTKB:SWISSPROT:TREMBL:ENSEMBL:CELLPHONEDB:BADERLAB:SINGLECELLSIGNALR:BIOMART:HOMOLOGENE:Annotation:LRBase.Dsi.eg.db:Drosophila simulans:Fruit fly:v012"
"LRBaseDb for Drosophila virilis (Fruit fly, v012)","Correspondence table between Ligand Gene ID and Receptor ID for Drosophila virilis (Fruit fly)","3.24",NA,"CSV","https://github.com/rikenbit/lrbase-workflow","16-Sep-2026","Drosophila virilis",7244,NA,"FANTOM5,DLRP,IUPHAR,HPRD,STRING,SWISSPROT,TREMBL,ENSEMBL,CELLPHONEDB,BADERLAB,SINGLECELLSIGNALR,HOMOLOGENE","Koki Tsuyuzaki <k.t.the-answer@hotmail.co.jp>","SQLiteFile","FilePath","AHLRBaseDbs/v012/LRBase.Dvi.eg.db.sqlite","LRBaseDb:LRBase:NCBI:Gene:NCBI Gene:FANTOM5:DLRP:IUPHAR:HPRD:STRING:UNIPROTKB:SWISSPROT:TREMBL:ENSEMBL:CELLPHONEDB:BADERLAB:SINGLECELLSIGNALR:BIOMART:HOMOLOGENE:Annotation:LRBase.Dvi.eg.db:Drosophila virilis:Fruit fly:v012"
"LRBaseDb for Drosophila yakuba (Fruit fly, v012)","Correspondence table between Ligand Gene ID and Receptor ID for Drosophila yakuba (Fruit fly)","3.24",NA,"CSV","https://github.com/rikenbit/lrbase-workflow","16-Sep-2026","Drosophila yakuba",7245,NA,"FANTOM5,DLRP,IUPHAR,HPRD,STRING,SWISSPROT,TREMBL,ENSEMBL,CELLPHONEDB,BADERLAB,SINGLECELLSIGNALR,HOMOLOGENE","Koki Tsuyuzaki <k.t.the-answer@hotmail.co.jp>","SQLiteFile","FilePath","AHLRBaseDbs/v012/LRBase.Dya.eg.db.sqlite","LRBaseDb:LRBase:NCBI:Gene:NCBI Gene:FANTOM5:DLRP:IUPHAR:HPRD:STRING:UNIPROTKB:SWISSPROT:TREMBL:ENSEMBL:CELLPHONEDB:BADERLAB:SINGLECELLSIGNALR:BIOMART:HOMOLOGENE:Annotation:LRBase.Dya.eg.db:Drosophila yakuba:Fruit fly:v012"
"LRBaseDb for Equus caballus (Horse, v012)","Correspondence table between Ligand Gene ID and Receptor ID for Equus caballus (Horse)","3.24",NA,"CSV","https://github.com/rikenbit/lrbase-workflow","16-Sep-2026","Equus caballus",9796,NA,"FANTOM5,DLRP,IUPHAR,HPRD,STRING,SWISSPROT,TREMBL,ENSEMBL,CELLPHONEDB,BADERLAB,SINGLECELLSIGNALR,HOMOLOGENE","Koki Tsuyuzaki <k.t.the-answer@hotmail.co.jp>","SQLiteFile","FilePath","AHLRBaseDbs/v012/LRBase.Eca.eg.db.sqlite","LRBaseDb:LRBase:NCBI:Gene:NCBI Gene:FANTOM5:DLRP:IUPHAR:HPRD:STRING:UNIPROTKB:SWISSPROT:TREMBL:ENSEMBL:CELLPHONEDB:BADERLAB:SINGLECELLSIGNALR:BIOMART:HOMOLOGENE:Annotation:LRBase.Eca.eg.db:Equus caballus:Horse:v012"
"LRBaseDb for Erpetoichthys calabaricus (Reedfish, v012)","Correspondence table between Ligand Gene ID and Receptor ID for Erpetoichthys calabaricus (Reedfish)","3.24",NA,"CSV","https://github.com/rikenbit/lrbase-workflow","16-Sep-2026","Erpetoichthys calabaricus",27687,NA,"FANTOM5,DLRP,IUPHAR,HPRD,STRING,SWISSPROT,TREMBL,ENSEMBL,CELLPHONEDB,BADERLAB,SINGLECELLSIGNALR,HOMOLOGENE","Koki Tsuyuzaki <k.t.the-answer@hotmail.co.jp>","SQLiteFile","FilePath","AHLRBaseDbs/v012/LRBase.Ecl.eg.db.sqlite","LRBaseDb:LRBase:NCBI:Gene:NCBI Gene:FANTOM5:DLRP:IUPHAR:HPRD:STRING:UNIPROTKB:SWISSPROT:TREMBL:ENSEMBL:CELLPHONEDB:BADERLAB:SINGLECELLSIGNALR:BIOMART:HOMOLOGENE:Annotation:LRBase.Ecl.eg.db:Erpetoichthys calabaricus:Reedfish:v012"
"LRBaseDb for Electrophorus electricus (Electric eel, v012)","Correspondence table between Ligand Gene ID and Receptor ID for Electrophorus electricus (Electric eel)","3.24",NA,"CSV","https://github.com/rikenbit/lrbase-workflow","16-Sep-2026","Electrophorus electricus",8005,NA,"FANTOM5,DLRP,IUPHAR,HPRD,STRING,SWISSPROT,TREMBL,ENSEMBL,CELLPHONEDB,BADERLAB,SINGLECELLSIGNALR,HOMOLOGENE","Koki Tsuyuzaki <k.t.the-answer@hotmail.co.jp>","SQLiteFile","FilePath","AHLRBaseDbs/v012/LRBase.Eel.eg.db.sqlite","LRBaseDb:LRBase:NCBI:Gene:NCBI Gene:FANTOM5:DLRP:IUPHAR:HPRD:STRING:UNIPROTKB:SWISSPROT:TREMBL:ENSEMBL:CELLPHONEDB:BADERLAB:SINGLECELLSIGNALR:BIOMART:HOMOLOGENE:Annotation:LRBase.Eel.eg.db:Electrophorus electricus:Electric eel:v012"
"LRBaseDb for Ficedula albicollis (Flycatcher, v012)","Correspondence table between Ligand Gene ID and Receptor ID for Ficedula albicollis (Flycatcher)","3.24",NA,"CSV","https://github.com/rikenbit/lrbase-workflow","16-Sep-2026","Ficedula albicollis",59894,NA,"FANTOM5,DLRP,IUPHAR,HPRD,STRING,SWISSPROT,TREMBL,ENSEMBL,CELLPHONEDB,BADERLAB,SINGLECELLSIGNALR,HOMOLOGENE","Koki Tsuyuzaki <k.t.the-answer@hotmail.co.jp>","SQLiteFile","FilePath","AHLRBaseDbs/v012/LRBase.Fal.eg.db.sqlite","LRBaseDb:LRBase:NCBI:Gene:NCBI Gene:FANTOM5:DLRP:IUPHAR:HPRD:STRING:UNIPROTKB:SWISSPROT:TREMBL:ENSEMBL:CELLPHONEDB:BADERLAB:SINGLECELLSIGNALR:BIOMART:HOMOLOGENE:Annotation:LRBase.Fal.eg.db:Ficedula albicollis:Flycatcher:v012"
"LRBaseDb for Felis catus (Cat, v012)","Correspondence table between Ligand Gene ID and Receptor ID for Felis catus (Cat)","3.24",NA,"CSV","https://github.com/rikenbit/lrbase-workflow","16-Sep-2026","Felis catus",9685,NA,"FANTOM5,DLRP,IUPHAR,HPRD,STRING,SWISSPROT,TREMBL,ENSEMBL,CELLPHONEDB,BADERLAB,SINGLECELLSIGNALR,HOMOLOGENE","Koki Tsuyuzaki <k.t.the-answer@hotmail.co.jp>","SQLiteFile","FilePath","AHLRBaseDbs/v012/LRBase.Fca.eg.db.sqlite","LRBaseDb:LRBase:NCBI:Gene:NCBI Gene:FANTOM5:DLRP:IUPHAR:HPRD:STRING:UNIPROTKB:SWISSPROT:TREMBL:ENSEMBL:CELLPHONEDB:BADERLAB:SINGLECELLSIGNALR:BIOMART:HOMOLOGENE:Annotation:LRBase.Fca.eg.db:Felis catus:Cat:v012"
"LRBaseDb for Fundulus heteroclitus (Mummichog, v012)","Correspondence table between Ligand Gene ID and Receptor ID for Fundulus heteroclitus (Mummichog)","3.24",NA,"CSV","https://github.com/rikenbit/lrbase-workflow","16-Sep-2026","Fundulus heteroclitus",8078,NA,"FANTOM5,DLRP,IUPHAR,HPRD,STRING,SWISSPROT,TREMBL,ENSEMBL,CELLPHONEDB,BADERLAB,SINGLECELLSIGNALR,HOMOLOGENE","Koki Tsuyuzaki <k.t.the-answer@hotmail.co.jp>","SQLiteFile","FilePath","AHLRBaseDbs/v012/LRBase.Fhe.eg.db.sqlite","LRBaseDb:LRBase:NCBI:Gene:NCBI Gene:FANTOM5:DLRP:IUPHAR:HPRD:STRING:UNIPROTKB:SWISSPROT:TREMBL:ENSEMBL:CELLPHONEDB:BADERLAB:SINGLECELLSIGNALR:BIOMART:HOMOLOGENE:Annotation:LRBase.Fhe.eg.db:Fundulus heteroclitus:Mummichog:v012"
"LRBaseDb for Gallus gallus (Chicken, v012)","Correspondence table between Ligand Gene ID and Receptor ID for Gallus gallus (Chicken)","3.24",NA,"CSV","https://github.com/rikenbit/lrbase-workflow","16-Sep-2026","Gallus gallus",9031,NA,"FANTOM5,DLRP,IUPHAR,HPRD,STRING,SWISSPROT,TREMBL,ENSEMBL,CELLPHONEDB,BADERLAB,SINGLECELLSIGNALR,HOMOLOGENE","Koki Tsuyuzaki <k.t.the-answer@hotmail.co.jp>","SQLiteFile","FilePath","AHLRBaseDbs/v012/LRBase.Gga.eg.db.sqlite","LRBaseDb:LRBase:NCBI:Gene:NCBI Gene:FANTOM5:DLRP:IUPHAR:HPRD:STRING:UNIPROTKB:SWISSPROT:TREMBL:ENSEMBL:CELLPHONEDB:BADERLAB:SINGLECELLSIGNALR:BIOMART:HOMOLOGENE:Annotation:LRBase.Gga.eg.db:Gallus gallus:Chicken:v012"
"LRBaseDb for Gorilla gorilla gorilla (Gorilla, v012)","Correspondence table between Ligand Gene ID and Receptor ID for Gorilla gorilla gorilla (Gorilla)","3.24",NA,"CSV","https://github.com/rikenbit/lrbase-workflow","16-Sep-2026","Gorilla gorilla gorilla",9595,NA,"FANTOM5,DLRP,IUPHAR,HPRD,STRING,SWISSPROT,TREMBL,ENSEMBL,CELLPHONEDB,BADERLAB,SINGLECELLSIGNALR,HOMOLOGENE","Koki Tsuyuzaki <k.t.the-answer@hotmail.co.jp>","SQLiteFile","FilePath","AHLRBaseDbs/v012/LRBase.Ggg.eg.db.sqlite","LRBaseDb:LRBase:NCBI:Gene:NCBI Gene:FANTOM5:DLRP:IUPHAR:HPRD:STRING:UNIPROTKB:SWISSPROT:TREMBL:ENSEMBL:CELLPHONEDB:BADERLAB:SINGLECELLSIGNALR:BIOMART:HOMOLOGENE:Annotation:LRBase.Ggg.eg.db:Gorilla gorilla gorilla:Gorilla:v012"
"LRBaseDb for Gadus morhua (Cod, v012)","Correspondence table between Ligand Gene ID and Receptor ID for Gadus morhua (Cod)","3.24",NA,"CSV","https://github.com/rikenbit/lrbase-workflow","16-Sep-2026","Gadus morhua",8049,NA,"FANTOM5,DLRP,IUPHAR,HPRD,STRING,SWISSPROT,TREMBL,ENSEMBL,CELLPHONEDB,BADERLAB,SINGLECELLSIGNALR,HOMOLOGENE","Koki Tsuyuzaki <k.t.the-answer@hotmail.co.jp>","SQLiteFile","FilePath","AHLRBaseDbs/v012/LRBase.Gmo.eg.db.sqlite","LRBaseDb:LRBase:NCBI:Gene:NCBI Gene:FANTOM5:DLRP:IUPHAR:HPRD:STRING:UNIPROTKB:SWISSPROT:TREMBL:ENSEMBL:CELLPHONEDB:BADERLAB:SINGLECELLSIGNALR:BIOMART:HOMOLOGENE:Annotation:LRBase.Gmo.eg.db:Gadus morhua:Cod:v012"
"LRBaseDb for Haplochromis burtoni (Burton's mouthbrooder, v012)","Correspondence table between Ligand Gene ID and Receptor ID for Haplochromis burtoni (Burton's mouthbrooder)","3.24",NA,"CSV","https://github.com/rikenbit/lrbase-workflow","16-Sep-2026","Haplochromis burtoni",8153,NA,"FANTOM5,DLRP,IUPHAR,HPRD,STRING,SWISSPROT,TREMBL,ENSEMBL,CELLPHONEDB,BADERLAB,SINGLECELLSIGNALR,HOMOLOGENE","Koki Tsuyuzaki <k.t.the-answer@hotmail.co.jp>","SQLiteFile","FilePath","AHLRBaseDbs/v012/LRBase.Hbu.eg.db.sqlite","LRBaseDb:LRBase:NCBI:Gene:NCBI Gene:FANTOM5:DLRP:IUPHAR:HPRD:STRING:UNIPROTKB:SWISSPROT:TREMBL:ENSEMBL:CELLPHONEDB:BADERLAB:SINGLECELLSIGNALR:BIOMART:HOMOLOGENE:Annotation:LRBase.Hbu.eg.db:Haplochromis burtoni:Burton's mouthbrooder:v012"
"LRBaseDb for Hippocampus comes (Tiger tail seahorse, v012)","Correspondence table between Ligand Gene ID and Receptor ID for Hippocampus comes (Tiger tail seahorse)","3.24",NA,"CSV","https://github.com/rikenbit/lrbase-workflow","16-Sep-2026","Hippocampus comes",109280,NA,"FANTOM5,DLRP,IUPHAR,HPRD,STRING,SWISSPROT,TREMBL,ENSEMBL,CELLPHONEDB,BADERLAB,SINGLECELLSIGNALR,HOMOLOGENE","Koki Tsuyuzaki <k.t.the-answer@hotmail.co.jp>","SQLiteFile","FilePath","AHLRBaseDbs/v012/LRBase.Hco.eg.db.sqlite","LRBaseDb:LRBase:NCBI:Gene:NCBI Gene:FANTOM5:DLRP:IUPHAR:HPRD:STRING:UNIPROTKB:SWISSPROT:TREMBL:ENSEMBL:CELLPHONEDB:BADERLAB:SINGLECELLSIGNALR:BIOMART:HOMOLOGENE:Annotation:LRBase.Hco.eg.db:Hippocampus comes:Tiger tail seahorse:v012"
"LRBaseDb for Heterocephalus glaber (Naked mole-rat female, v012)","Correspondence table between Ligand Gene ID and Receptor ID for Heterocephalus glaber (Naked mole-rat female)","3.24",NA,"CSV","https://github.com/rikenbit/lrbase-workflow","16-Sep-2026","Heterocephalus glaber",10181,NA,"FANTOM5,DLRP,IUPHAR,HPRD,STRING,SWISSPROT,TREMBL,ENSEMBL,CELLPHONEDB,BADERLAB,SINGLECELLSIGNALR,HOMOLOGENE","Koki Tsuyuzaki <k.t.the-answer@hotmail.co.jp>","SQLiteFile","FilePath","AHLRBaseDbs/v012/LRBase.Hgl.eg.db.sqlite","LRBaseDb:LRBase:NCBI:Gene:NCBI Gene:FANTOM5:DLRP:IUPHAR:HPRD:STRING:UNIPROTKB:SWISSPROT:TREMBL:ENSEMBL:CELLPHONEDB:BADERLAB:SINGLECELLSIGNALR:BIOMART:HOMOLOGENE:Annotation:LRBase.Hgl.eg.db:Heterocephalus glaber:Naked mole-rat female:v012"
"LRBaseDb for Homo sapiens (Human, v012)","Correspondence table between Ligand Gene ID and Receptor ID for Homo sapiens (Human)","3.24",NA,"CSV","https://github.com/rikenbit/lrbase-workflow","16-Sep-2026","Homo sapiens",9606,NA,"FANTOM5,DLRP,IUPHAR,HPRD,STRING,SWISSPROT,TREMBL,ENSEMBL,CELLPHONEDB,BADERLAB,SINGLECELLSIGNALR,HOMOLOGENE","Koki Tsuyuzaki <k.t.the-answer@hotmail.co.jp>","SQLiteFile","FilePath","AHLRBaseDbs/v012/LRBase.Hsa.eg.db.sqlite","LRBaseDb:LRBase:NCBI:Gene:NCBI Gene:FANTOM5:DLRP:IUPHAR:HPRD:STRING:UNIPROTKB:SWISSPROT:TREMBL:ENSEMBL:CELLPHONEDB:BADERLAB:SINGLECELLSIGNALR:BIOMART:HOMOLOGENE:Annotation:LRBase.Hsa.eg.db:Homo sapiens:Human:v012"
"LRBaseDb for Ictalurus punctatus (Channel catfish, v012)","Correspondence table between Ligand Gene ID and Receptor ID for Ictalurus punctatus (Channel catfish)","3.24",NA,"CSV","https://github.com/rikenbit/lrbase-workflow","16-Sep-2026","Ictalurus punctatus",7998,NA,"FANTOM5,DLRP,IUPHAR,HPRD,STRING,SWISSPROT,TREMBL,ENSEMBL,CELLPHONEDB,BADERLAB,SINGLECELLSIGNALR,HOMOLOGENE","Koki Tsuyuzaki <k.t.the-answer@hotmail.co.jp>","SQLiteFile","FilePath","AHLRBaseDbs/v012/LRBase.Ipu.eg.db.sqlite","LRBaseDb:LRBase:NCBI:Gene:NCBI Gene:FANTOM5:DLRP:IUPHAR:HPRD:STRING:UNIPROTKB:SWISSPROT:TREMBL:ENSEMBL:CELLPHONEDB:BADERLAB:SINGLECELLSIGNALR:BIOMART:HOMOLOGENE:Annotation:LRBase.Ipu.eg.db:Ictalurus punctatus:Channel catfish:v012"
"LRBaseDb for Ictidomys tridecemlineatus (Squirrel, v012)","Correspondence table between Ligand Gene ID and Receptor ID for Ictidomys tridecemlineatus (Squirrel)","3.24",NA,"CSV","https://github.com/rikenbit/lrbase-workflow","16-Sep-2026","Ictidomys tridecemlineatus",43179,NA,"FANTOM5,DLRP,IUPHAR,HPRD,STRING,SWISSPROT,TREMBL,ENSEMBL,CELLPHONEDB,BADERLAB,SINGLECELLSIGNALR,HOMOLOGENE","Koki Tsuyuzaki <k.t.the-answer@hotmail.co.jp>","SQLiteFile","FilePath","AHLRBaseDbs/v012/LRBase.Itr.eg.db.sqlite","LRBaseDb:LRBase:NCBI:Gene:NCBI Gene:FANTOM5:DLRP:IUPHAR:HPRD:STRING:UNIPROTKB:SWISSPROT:TREMBL:ENSEMBL:CELLPHONEDB:BADERLAB:SINGLECELLSIGNALR:BIOMART:HOMOLOGENE:Annotation:LRBase.Itr.eg.db:Ictidomys tridecemlineatus:Squirrel:v012"
"LRBaseDb for Jaculus jaculus (Lesser Egyptian jerboa, v012)","Correspondence table between Ligand Gene ID and Receptor ID for Jaculus jaculus (Lesser Egyptian jerboa)","3.24",NA,"CSV","https://github.com/rikenbit/lrbase-workflow","16-Sep-2026","Jaculus jaculus",51337,NA,"FANTOM5,DLRP,IUPHAR,HPRD,STRING,SWISSPROT,TREMBL,ENSEMBL,CELLPHONEDB,BADERLAB,SINGLECELLSIGNALR,HOMOLOGENE","Koki Tsuyuzaki <k.t.the-answer@hotmail.co.jp>","SQLiteFile","FilePath","AHLRBaseDbs/v012/LRBase.Jja.eg.db.sqlite","LRBaseDb:LRBase:NCBI:Gene:NCBI Gene:FANTOM5:DLRP:IUPHAR:HPRD:STRING:UNIPROTKB:SWISSPROT:TREMBL:ENSEMBL:CELLPHONEDB:BADERLAB:SINGLECELLSIGNALR:BIOMART:HOMOLOGENE:Annotation:LRBase.Jja.eg.db:Jaculus jaculus:Lesser Egyptian jerboa:v012"
"LRBaseDb for Loxodonta africana (Elephant, v012)","Correspondence table between Ligand Gene ID and Receptor ID for Loxodonta africana (Elephant)","3.24",NA,"CSV","https://github.com/rikenbit/lrbase-workflow","16-Sep-2026","Loxodonta africana",9785,NA,"FANTOM5,DLRP,IUPHAR,HPRD,STRING,SWISSPROT,TREMBL,ENSEMBL,CELLPHONEDB,BADERLAB,SINGLECELLSIGNALR,HOMOLOGENE","Koki Tsuyuzaki <k.t.the-answer@hotmail.co.jp>","SQLiteFile","FilePath","AHLRBaseDbs/v012/LRBase.Laf.eg.db.sqlite","LRBaseDb:LRBase:NCBI:Gene:NCBI Gene:FANTOM5:DLRP:IUPHAR:HPRD:STRING:UNIPROTKB:SWISSPROT:TREMBL:ENSEMBL:CELLPHONEDB:BADERLAB:SINGLECELLSIGNALR:BIOMART:HOMOLOGENE:Annotation:LRBase.Laf.eg.db:Loxodonta africana:Elephant:v012"
"LRBaseDb for Labrus bergylta (Ballan wrasse, v012)","Correspondence table between Ligand Gene ID and Receptor ID for Labrus bergylta (Ballan wrasse)","3.24",NA,"CSV","https://github.com/rikenbit/lrbase-workflow","16-Sep-2026","Labrus bergylta",56723,NA,"FANTOM5,DLRP,IUPHAR,HPRD,STRING,SWISSPROT,TREMBL,ENSEMBL,CELLPHONEDB,BADERLAB,SINGLECELLSIGNALR,HOMOLOGENE","Koki Tsuyuzaki <k.t.the-answer@hotmail.co.jp>","SQLiteFile","FilePath","AHLRBaseDbs/v012/LRBase.Lbe.eg.db.sqlite","LRBaseDb:LRBase:NCBI:Gene:NCBI Gene:FANTOM5:DLRP:IUPHAR:HPRD:STRING:UNIPROTKB:SWISSPROT:TREMBL:ENSEMBL:CELLPHONEDB:BADERLAB:SINGLECELLSIGNALR:BIOMART:HOMOLOGENE:Annotation:LRBase.Lbe.eg.db:Labrus bergylta:Ballan wrasse:v012"
"LRBaseDb for Lates calcarifer (Barramundi perch, v012)","Correspondence table between Ligand Gene ID and Receptor ID for Lates calcarifer (Barramundi perch)","3.24",NA,"CSV","https://github.com/rikenbit/lrbase-workflow","16-Sep-2026","Lates calcarifer",8187,NA,"FANTOM5,DLRP,IUPHAR,HPRD,STRING,SWISSPROT,TREMBL,ENSEMBL,CELLPHONEDB,BADERLAB,SINGLECELLSIGNALR,HOMOLOGENE","Koki Tsuyuzaki <k.t.the-answer@hotmail.co.jp>","SQLiteFile","FilePath","AHLRBaseDbs/v012/LRBase.Lca.eg.db.sqlite","LRBaseDb:LRBase:NCBI:Gene:NCBI Gene:FANTOM5:DLRP:IUPHAR:HPRD:STRING:UNIPROTKB:SWISSPROT:TREMBL:ENSEMBL:CELLPHONEDB:BADERLAB:SINGLECELLSIGNALR:BIOMART:HOMOLOGENE:Annotation:LRBase.Lca.eg.db:Lates calcarifer:Barramundi perch:v012"
"LRBaseDb for Latimeria chalumnae (Coelacanth, v012)","Correspondence table between Ligand Gene ID and Receptor ID for Latimeria chalumnae (Coelacanth)","3.24",NA,"CSV","https://github.com/rikenbit/lrbase-workflow","16-Sep-2026","Latimeria chalumnae",7897,NA,"FANTOM5,DLRP,IUPHAR,HPRD,STRING,SWISSPROT,TREMBL,ENSEMBL,CELLPHONEDB,BADERLAB,SINGLECELLSIGNALR,HOMOLOGENE","Koki Tsuyuzaki <k.t.the-answer@hotmail.co.jp>","SQLiteFile","FilePath","AHLRBaseDbs/v012/LRBase.Lch.eg.db.sqlite","LRBaseDb:LRBase:NCBI:Gene:NCBI Gene:FANTOM5:DLRP:IUPHAR:HPRD:STRING:UNIPROTKB:SWISSPROT:TREMBL:ENSEMBL:CELLPHONEDB:BADERLAB:SINGLECELLSIGNALR:BIOMART:HOMOLOGENE:Annotation:LRBase.Lch.eg.db:Latimeria chalumnae:Coelacanth:v012"
"LRBaseDb for Larimichthys crocea (Large yellow croaker, v012)","Correspondence table between Ligand Gene ID and Receptor ID for Larimichthys crocea (Large yellow croaker)","3.24",NA,"CSV","https://github.com/rikenbit/lrbase-workflow","16-Sep-2026","Larimichthys crocea",215358,NA,"FANTOM5,DLRP,IUPHAR,HPRD,STRING,SWISSPROT,TREMBL,ENSEMBL,CELLPHONEDB,BADERLAB,SINGLECELLSIGNALR,HOMOLOGENE","Koki Tsuyuzaki <k.t.the-answer@hotmail.co.jp>","SQLiteFile","FilePath","AHLRBaseDbs/v012/LRBase.Lcr.eg.db.sqlite","LRBaseDb:LRBase:NCBI:Gene:NCBI Gene:FANTOM5:DLRP:IUPHAR:HPRD:STRING:UNIPROTKB:SWISSPROT:TREMBL:ENSEMBL:CELLPHONEDB:BADERLAB:SINGLECELLSIGNALR:BIOMART:HOMOLOGENE:Annotation:LRBase.Lcr.eg.db:Larimichthys crocea:Large yellow croaker:v012"
"LRBaseDb for Lepisosteus oculatus (Spotted gar, v012)","Correspondence table between Ligand Gene ID and Receptor ID for Lepisosteus oculatus (Spotted gar)","3.24",NA,"CSV","https://github.com/rikenbit/lrbase-workflow","16-Sep-2026","Lepisosteus oculatus",7918,NA,"FANTOM5,DLRP,IUPHAR,HPRD,STRING,SWISSPROT,TREMBL,ENSEMBL,CELLPHONEDB,BADERLAB,SINGLECELLSIGNALR,HOMOLOGENE","Koki Tsuyuzaki <k.t.the-answer@hotmail.co.jp>","SQLiteFile","FilePath","AHLRBaseDbs/v012/LRBase.Loc.eg.db.sqlite","LRBaseDb:LRBase:NCBI:Gene:NCBI Gene:FANTOM5:DLRP:IUPHAR:HPRD:STRING:UNIPROTKB:SWISSPROT:TREMBL:ENSEMBL:CELLPHONEDB:BADERLAB:SINGLECELLSIGNALR:BIOMART:HOMOLOGENE:Annotation:LRBase.Loc.eg.db:Lepisosteus oculatus:Spotted gar:v012"
"LRBaseDb for Mastacembelus armatus (Zig-zag eel, v012)","Correspondence table between Ligand Gene ID and Receptor ID for Mastacembelus armatus (Zig-zag eel)","3.24",NA,"CSV","https://github.com/rikenbit/lrbase-workflow","16-Sep-2026","Mastacembelus armatus",205130,NA,"FANTOM5,DLRP,IUPHAR,HPRD,STRING,SWISSPROT,TREMBL,ENSEMBL,CELLPHONEDB,BADERLAB,SINGLECELLSIGNALR,HOMOLOGENE","Koki Tsuyuzaki <k.t.the-answer@hotmail.co.jp>","SQLiteFile","FilePath","AHLRBaseDbs/v012/LRBase.Mar.eg.db.sqlite","LRBaseDb:LRBase:NCBI:Gene:NCBI Gene:FANTOM5:DLRP:IUPHAR:HPRD:STRING:UNIPROTKB:SWISSPROT:TREMBL:ENSEMBL:CELLPHONEDB:BADERLAB:SINGLECELLSIGNALR:BIOMART:HOMOLOGENE:Annotation:LRBase.Mar.eg.db:Mastacembelus armatus:Zig-zag eel:v012"
"LRBaseDb for Mesocricetus auratus (Golden Hamster, v012)","Correspondence table between Ligand Gene ID and Receptor ID for Mesocricetus auratus (Golden Hamster)","3.24",NA,"CSV","https://github.com/rikenbit/lrbase-workflow","16-Sep-2026","Mesocricetus auratus",10036,NA,"FANTOM5,DLRP,IUPHAR,HPRD,STRING,SWISSPROT,TREMBL,ENSEMBL,CELLPHONEDB,BADERLAB,SINGLECELLSIGNALR,HOMOLOGENE","Koki Tsuyuzaki <k.t.the-answer@hotmail.co.jp>","SQLiteFile","FilePath","AHLRBaseDbs/v012/LRBase.Mau.eg.db.sqlite","LRBaseDb:LRBase:NCBI:Gene:NCBI Gene:FANTOM5:DLRP:IUPHAR:HPRD:STRING:UNIPROTKB:SWISSPROT:TREMBL:ENSEMBL:CELLPHONEDB:BADERLAB:SINGLECELLSIGNALR:BIOMART:HOMOLOGENE:Annotation:LRBase.Mau.eg.db:Mesocricetus auratus:Golden Hamster:v012"
"LRBaseDb for Mus caroli (Ryukyu mouse, v012)","Correspondence table between Ligand Gene ID and Receptor ID for Mus caroli (Ryukyu mouse)","3.24",NA,"CSV","https://github.com/rikenbit/lrbase-workflow","16-Sep-2026","Mus caroli",10089,NA,"FANTOM5,DLRP,IUPHAR,HPRD,STRING,SWISSPROT,TREMBL,ENSEMBL,CELLPHONEDB,BADERLAB,SINGLECELLSIGNALR,HOMOLOGENE","Koki Tsuyuzaki <k.t.the-answer@hotmail.co.jp>","SQLiteFile","FilePath","AHLRBaseDbs/v012/LRBase.Mca.eg.db.sqlite","LRBaseDb:LRBase:NCBI:Gene:NCBI Gene:FANTOM5:DLRP:IUPHAR:HPRD:STRING:UNIPROTKB:SWISSPROT:TREMBL:ENSEMBL:CELLPHONEDB:BADERLAB:SINGLECELLSIGNALR:BIOMART:HOMOLOGENE:Annotation:LRBase.Mca.eg.db:Mus caroli:Ryukyu mouse:v012"
"LRBaseDb for Monodelphis domestica (Gray short-tailed opossum, v012)","Correspondence table between Ligand Gene ID and Receptor ID for Monodelphis domestica (Gray short-tailed opossum)","3.24",NA,"CSV","https://github.com/rikenbit/lrbase-workflow","16-Sep-2026","Monodelphis domestica",13616,NA,"FANTOM5,DLRP,IUPHAR,HPRD,STRING,SWISSPROT,TREMBL,ENSEMBL,CELLPHONEDB,BADERLAB,SINGLECELLSIGNALR,HOMOLOGENE","Koki Tsuyuzaki <k.t.the-answer@hotmail.co.jp>","SQLiteFile","FilePath","AHLRBaseDbs/v012/LRBase.Mdo.eg.db.sqlite","LRBaseDb:LRBase:NCBI:Gene:NCBI Gene:FANTOM5:DLRP:IUPHAR:HPRD:STRING:UNIPROTKB:SWISSPROT:TREMBL:ENSEMBL:CELLPHONEDB:BADERLAB:SINGLECELLSIGNALR:BIOMART:HOMOLOGENE:Annotation:LRBase.Mdo.eg.db:Monodelphis domestica:Gray short-tailed opossum:v012"
"LRBaseDb for Macaca fascicularis (Crab-eating macaque, v012)","Correspondence table between Ligand Gene ID and Receptor ID for Macaca fascicularis (Crab-eating macaque)","3.24",NA,"CSV","https://github.com/rikenbit/lrbase-workflow","16-Sep-2026","Macaca fascicularis",9541,NA,"FANTOM5,DLRP,IUPHAR,HPRD,STRING,SWISSPROT,TREMBL,ENSEMBL,CELLPHONEDB,BADERLAB,SINGLECELLSIGNALR,HOMOLOGENE","Koki Tsuyuzaki <k.t.the-answer@hotmail.co.jp>","SQLiteFile","FilePath","AHLRBaseDbs/v012/LRBase.Mfa.eg.db.sqlite","LRBaseDb:LRBase:NCBI:Gene:NCBI Gene:FANTOM5:DLRP:IUPHAR:HPRD:STRING:UNIPROTKB:SWISSPROT:TREMBL:ENSEMBL:CELLPHONEDB:BADERLAB:SINGLECELLSIGNALR:BIOMART:HOMOLOGENE:Annotation:LRBase.Mfa.eg.db:Macaca fascicularis:Crab-eating macaque:v012"
"LRBaseDb for Meleagris gallopavo (Turkey, v012)","Correspondence table between Ligand Gene ID and Receptor ID for Meleagris gallopavo (Turkey)","3.24",NA,"CSV","https://github.com/rikenbit/lrbase-workflow","16-Sep-2026","Meleagris gallopavo",9103,NA,"FANTOM5,DLRP,IUPHAR,HPRD,STRING,SWISSPROT,TREMBL,ENSEMBL,CELLPHONEDB,BADERLAB,SINGLECELLSIGNALR,HOMOLOGENE","Koki Tsuyuzaki <k.t.the-answer@hotmail.co.jp>","SQLiteFile","FilePath","AHLRBaseDbs/v012/LRBase.Mga.eg.db.sqlite","LRBaseDb:LRBase:NCBI:Gene:NCBI Gene:FANTOM5:DLRP:IUPHAR:HPRD:STRING:UNIPROTKB:SWISSPROT:TREMBL:ENSEMBL:CELLPHONEDB:BADERLAB:SINGLECELLSIGNALR:BIOMART:HOMOLOGENE:Annotation:LRBase.Mga.eg.db:Meleagris gallopavo:Turkey:v012"
"LRBaseDb for Mandrillus leucophaeus (Drill, v012)","Correspondence table between Ligand Gene ID and Receptor ID for Mandrillus leucophaeus (Drill)","3.24",NA,"CSV","https://github.com/rikenbit/lrbase-workflow","16-Sep-2026","Mandrillus leucophaeus",9568,NA,"FANTOM5,DLRP,IUPHAR,HPRD,STRING,SWISSPROT,TREMBL,ENSEMBL,CELLPHONEDB,BADERLAB,SINGLECELLSIGNALR,HOMOLOGENE","Koki Tsuyuzaki <k.t.the-answer@hotmail.co.jp>","SQLiteFile","FilePath","AHLRBaseDbs/v012/LRBase.Mle.eg.db.sqlite","LRBaseDb:LRBase:NCBI:Gene:NCBI Gene:FANTOM5:DLRP:IUPHAR:HPRD:STRING:UNIPROTKB:SWISSPROT:TREMBL:ENSEMBL:CELLPHONEDB:BADERLAB:SINGLECELLSIGNALR:BIOMART:HOMOLOGENE:Annotation:LRBase.Mle.eg.db:Mandrillus leucophaeus:Drill:v012"
"LRBaseDb for Myotis lucifugus (Microbat, v012)","Correspondence table between Ligand Gene ID and Receptor ID for Myotis lucifugus (Microbat)","3.24",NA,"CSV","https://github.com/rikenbit/lrbase-workflow","16-Sep-2026","Myotis lucifugus",59463,NA,"FANTOM5,DLRP,IUPHAR,HPRD,STRING,SWISSPROT,TREMBL,ENSEMBL,CELLPHONEDB,BADERLAB,SINGLECELLSIGNALR,HOMOLOGENE","Koki Tsuyuzaki <k.t.the-answer@hotmail.co.jp>","SQLiteFile","FilePath","AHLRBaseDbs/v012/LRBase.Mlu.eg.db.sqlite","LRBaseDb:LRBase:NCBI:Gene:NCBI Gene:FANTOM5:DLRP:IUPHAR:HPRD:STRING:UNIPROTKB:SWISSPROT:TREMBL:ENSEMBL:CELLPHONEDB:BADERLAB:SINGLECELLSIGNALR:BIOMART:HOMOLOGENE:Annotation:LRBase.Mlu.eg.db:Myotis lucifugus:Microbat:v012"
"LRBaseDb for Myripristis murdjan (Pinecone soldierfish, v012)","Correspondence table between Ligand Gene ID and Receptor ID for Myripristis murdjan (Pinecone soldierfish)","3.24",NA,"CSV","https://github.com/rikenbit/lrbase-workflow","16-Sep-2026","Myripristis murdjan",586833,NA,"FANTOM5,DLRP,IUPHAR,HPRD,STRING,SWISSPROT,TREMBL,ENSEMBL,CELLPHONEDB,BADERLAB,SINGLECELLSIGNALR,HOMOLOGENE","Koki Tsuyuzaki <k.t.the-answer@hotmail.co.jp>","SQLiteFile","FilePath","AHLRBaseDbs/v012/LRBase.Mmd.eg.db.sqlite","LRBaseDb:LRBase:NCBI:Gene:NCBI Gene:FANTOM5:DLRP:IUPHAR:HPRD:STRING:UNIPROTKB:SWISSPROT:TREMBL:ENSEMBL:CELLPHONEDB:BADERLAB:SINGLECELLSIGNALR:BIOMART:HOMOLOGENE:Annotation:LRBase.Mmd.eg.db:Myripristis murdjan:Pinecone soldierfish:v012"
"LRBaseDb for Macaca mulatta (Rhesus monkey, v012)","Correspondence table between Ligand Gene ID and Receptor ID for Macaca mulatta (Rhesus monkey)","3.24",NA,"CSV","https://github.com/rikenbit/lrbase-workflow","16-Sep-2026","Macaca mulatta",9544,NA,"FANTOM5,DLRP,IUPHAR,HPRD,STRING,SWISSPROT,TREMBL,ENSEMBL,CELLPHONEDB,BADERLAB,SINGLECELLSIGNALR,HOMOLOGENE","Koki Tsuyuzaki <k.t.the-answer@hotmail.co.jp>","SQLiteFile","FilePath","AHLRBaseDbs/v012/LRBase.Mml.eg.db.sqlite","LRBaseDb:LRBase:NCBI:Gene:NCBI Gene:FANTOM5:DLRP:IUPHAR:HPRD:STRING:UNIPROTKB:SWISSPROT:TREMBL:ENSEMBL:CELLPHONEDB:BADERLAB:SINGLECELLSIGNALR:BIOMART:HOMOLOGENE:Annotation:LRBase.Mml.eg.db:Macaca mulatta:Rhesus monkey:v012"
"LRBaseDb for Marmota marmota marmota (Alpine marmot, v012)","Correspondence table between Ligand Gene ID and Receptor ID for Marmota marmota marmota (Alpine marmot)","3.24",NA,"CSV","https://github.com/rikenbit/lrbase-workflow","16-Sep-2026","Marmota marmota marmota",9994,NA,"FANTOM5,DLRP,IUPHAR,HPRD,STRING,SWISSPROT,TREMBL,ENSEMBL,CELLPHONEDB,BADERLAB,SINGLECELLSIGNALR,HOMOLOGENE","Koki Tsuyuzaki <k.t.the-answer@hotmail.co.jp>","SQLiteFile","FilePath","AHLRBaseDbs/v012/LRBase.Mmm.eg.db.sqlite","LRBaseDb:LRBase:NCBI:Gene:NCBI Gene:FANTOM5:DLRP:IUPHAR:HPRD:STRING:UNIPROTKB:SWISSPROT:TREMBL:ENSEMBL:CELLPHONEDB:BADERLAB:SINGLECELLSIGNALR:BIOMART:HOMOLOGENE:Annotation:LRBase.Mmm.eg.db:Marmota marmota marmota:Alpine marmot:v012"
"LRBaseDb for Microcebus murinus (Mouse Lemur, v012)","Correspondence table between Ligand Gene ID and Receptor ID for Microcebus murinus (Mouse Lemur)","3.24",NA,"CSV","https://github.com/rikenbit/lrbase-workflow","16-Sep-2026","Microcebus murinus",30608,NA,"FANTOM5,DLRP,IUPHAR,HPRD,STRING,SWISSPROT,TREMBL,ENSEMBL,CELLPHONEDB,BADERLAB,SINGLECELLSIGNALR,HOMOLOGENE","Koki Tsuyuzaki <k.t.the-answer@hotmail.co.jp>","SQLiteFile","FilePath","AHLRBaseDbs/v012/LRBase.Mmr.eg.db.sqlite","LRBaseDb:LRBase:NCBI:Gene:NCBI Gene:FANTOM5:DLRP:IUPHAR:HPRD:STRING:UNIPROTKB:SWISSPROT:TREMBL:ENSEMBL:CELLPHONEDB:BADERLAB:SINGLECELLSIGNALR:BIOMART:HOMOLOGENE:Annotation:LRBase.Mmr.eg.db:Microcebus murinus:Mouse Lemur:v012"
"LRBaseDb for Mus musculus (Mouse, v012)","Correspondence table between Ligand Gene ID and Receptor ID for Mus musculus (Mouse)","3.24",NA,"CSV","https://github.com/rikenbit/lrbase-workflow","16-Sep-2026","Mus musculus",10090,NA,"FANTOM5,DLRP,IUPHAR,HPRD,STRING,SWISSPROT,TREMBL,ENSEMBL,CELLPHONEDB,BADERLAB,SINGLECELLSIGNALR,HOMOLOGENE","Koki Tsuyuzaki <k.t.the-answer@hotmail.co.jp>","SQLiteFile","FilePath","AHLRBaseDbs/v012/LRBase.Mmu.eg.db.sqlite","LRBaseDb:LRBase:NCBI:Gene:NCBI Gene:FANTOM5:DLRP:IUPHAR:HPRD:STRING:UNIPROTKB:SWISSPROT:TREMBL:ENSEMBL:CELLPHONEDB:BADERLAB:SINGLECELLSIGNALR:BIOMART:HOMOLOGENE:Annotation:LRBase.Mmu.eg.db:Mus musculus:Mouse:v012"
"LRBaseDb for Macaca nemestrina (Pig-tailed macaque, v012)","Correspondence table between Ligand Gene ID and Receptor ID for Macaca nemestrina (Pig-tailed macaque)","3.24",NA,"CSV","https://github.com/rikenbit/lrbase-workflow","16-Sep-2026","Macaca nemestrina",9545,NA,"FANTOM5,DLRP,IUPHAR,HPRD,STRING,SWISSPROT,TREMBL,ENSEMBL,CELLPHONEDB,BADERLAB,SINGLECELLSIGNALR,HOMOLOGENE","Koki Tsuyuzaki <k.t.the-answer@hotmail.co.jp>","SQLiteFile","FilePath","AHLRBaseDbs/v012/LRBase.Mne.eg.db.sqlite","LRBaseDb:LRBase:NCBI:Gene:NCBI Gene:FANTOM5:DLRP:IUPHAR:HPRD:STRING:UNIPROTKB:SWISSPROT:TREMBL:ENSEMBL:CELLPHONEDB:BADERLAB:SINGLECELLSIGNALR:BIOMART:HOMOLOGENE:Annotation:LRBase.Mne.eg.db:Macaca nemestrina:Pig-tailed macaque:v012"
"LRBaseDb for Microtus ochrogaster (Prairie vole, v012)","Correspondence table between Ligand Gene ID and Receptor ID for Microtus ochrogaster (Prairie vole)","3.24",NA,"CSV","https://github.com/rikenbit/lrbase-workflow","16-Sep-2026","Microtus ochrogaster",79684,NA,"FANTOM5,DLRP,IUPHAR,HPRD,STRING,SWISSPROT,TREMBL,ENSEMBL,CELLPHONEDB,BADERLAB,SINGLECELLSIGNALR,HOMOLOGENE","Koki Tsuyuzaki <k.t.the-answer@hotmail.co.jp>","SQLiteFile","FilePath","AHLRBaseDbs/v012/LRBase.Moc.eg.db.sqlite","LRBaseDb:LRBase:NCBI:Gene:NCBI Gene:FANTOM5:DLRP:IUPHAR:HPRD:STRING:UNIPROTKB:SWISSPROT:TREMBL:ENSEMBL:CELLPHONEDB:BADERLAB:SINGLECELLSIGNALR:BIOMART:HOMOLOGENE:Annotation:LRBase.Moc.eg.db:Microtus ochrogaster:Prairie vole:v012"
"LRBaseDb for Mus pahari (Shrew mouse, v012)","Correspondence table between Ligand Gene ID and Receptor ID for Mus pahari (Shrew mouse)","3.24",NA,"CSV","https://github.com/rikenbit/lrbase-workflow","16-Sep-2026","Mus pahari",10093,NA,"FANTOM5,DLRP,IUPHAR,HPRD,STRING,SWISSPROT,TREMBL,ENSEMBL,CELLPHONEDB,BADERLAB,SINGLECELLSIGNALR,HOMOLOGENE","Koki Tsuyuzaki <k.t.the-answer@hotmail.co.jp>","SQLiteFile","FilePath","AHLRBaseDbs/v012/LRBase.Mpa.eg.db.sqlite","LRBaseDb:LRBase:NCBI:Gene:NCBI Gene:FANTOM5:DLRP:IUPHAR:HPRD:STRING:UNIPROTKB:SWISSPROT:TREMBL:ENSEMBL:CELLPHONEDB:BADERLAB:SINGLECELLSIGNALR:BIOMART:HOMOLOGENE:Annotation:LRBase.Mpa.eg.db:Mus pahari:Shrew mouse:v012"
"LRBaseDb for Mustela putorius furo (Ferret, v012)","Correspondence table between Ligand Gene ID and Receptor ID for Mustela putorius furo (Ferret)","3.24",NA,"CSV","https://github.com/rikenbit/lrbase-workflow","16-Sep-2026","Mustela putorius furo",9669,NA,"FANTOM5,DLRP,IUPHAR,HPRD,STRING,SWISSPROT,TREMBL,ENSEMBL,CELLPHONEDB,BADERLAB,SINGLECELLSIGNALR,HOMOLOGENE","Koki Tsuyuzaki <k.t.the-answer@hotmail.co.jp>","SQLiteFile","FilePath","AHLRBaseDbs/v012/LRBase.Mpf.eg.db.sqlite","LRBaseDb:LRBase:NCBI:Gene:NCBI Gene:FANTOM5:DLRP:IUPHAR:HPRD:STRING:UNIPROTKB:SWISSPROT:TREMBL:ENSEMBL:CELLPHONEDB:BADERLAB:SINGLECELLSIGNALR:BIOMART:HOMOLOGENE:Annotation:LRBase.Mpf.eg.db:Mustela putorius furo:Ferret:v012"
"LRBaseDb for Maylandia zebra (Zebra mbuna, v012)","Correspondence table between Ligand Gene ID and Receptor ID for Maylandia zebra (Zebra mbuna)","3.24",NA,"CSV","https://github.com/rikenbit/lrbase-workflow","16-Sep-2026","Maylandia zebra",106582,NA,"FANTOM5,DLRP,IUPHAR,HPRD,STRING,SWISSPROT,TREMBL,ENSEMBL,CELLPHONEDB,BADERLAB,SINGLECELLSIGNALR,HOMOLOGENE","Koki Tsuyuzaki <k.t.the-answer@hotmail.co.jp>","SQLiteFile","FilePath","AHLRBaseDbs/v012/LRBase.Mze.eg.db.sqlite","LRBaseDb:LRBase:NCBI:Gene:NCBI Gene:FANTOM5:DLRP:IUPHAR:HPRD:STRING:UNIPROTKB:SWISSPROT:TREMBL:ENSEMBL:CELLPHONEDB:BADERLAB:SINGLECELLSIGNALR:BIOMART:HOMOLOGENE:Annotation:LRBase.Mze.eg.db:Maylandia zebra:Zebra mbuna:v012"
"LRBaseDb for Nannospalax galili (Upper Galilee mountains blind mole rat, v012)","Correspondence table between Ligand Gene ID and Receptor ID for Nannospalax galili (Upper Galilee mountains blind mole rat)","3.24",NA,"CSV","https://github.com/rikenbit/lrbase-workflow","16-Sep-2026","Nannospalax galili",1026970,NA,"FANTOM5,DLRP,IUPHAR,HPRD,STRING,SWISSPROT,TREMBL,ENSEMBL,CELLPHONEDB,BADERLAB,SINGLECELLSIGNALR,HOMOLOGENE","Koki Tsuyuzaki <k.t.the-answer@hotmail.co.jp>","SQLiteFile","FilePath","AHLRBaseDbs/v012/LRBase.Nga.eg.db.sqlite","LRBaseDb:LRBase:NCBI:Gene:NCBI Gene:FANTOM5:DLRP:IUPHAR:HPRD:STRING:UNIPROTKB:SWISSPROT:TREMBL:ENSEMBL:CELLPHONEDB:BADERLAB:SINGLECELLSIGNALR:BIOMART:HOMOLOGENE:Annotation:LRBase.Nga.eg.db:Nannospalax galili:Upper Galilee mountains blind mole rat:v012"
"LRBaseDb for Nomascus leucogenys (Northern white-cheeked gibbon, v012)","Correspondence table between Ligand Gene ID and Receptor ID for Nomascus leucogenys (Northern white-cheeked gibbon)","3.24",NA,"CSV","https://github.com/rikenbit/lrbase-workflow","16-Sep-2026","Nomascus leucogenys",61853,NA,"FANTOM5,DLRP,IUPHAR,HPRD,STRING,SWISSPROT,TREMBL,ENSEMBL,CELLPHONEDB,BADERLAB,SINGLECELLSIGNALR,HOMOLOGENE","Koki Tsuyuzaki <k.t.the-answer@hotmail.co.jp>","SQLiteFile","FilePath","AHLRBaseDbs/v012/LRBase.Nle.eg.db.sqlite","LRBaseDb:LRBase:NCBI:Gene:NCBI Gene:FANTOM5:DLRP:IUPHAR:HPRD:STRING:UNIPROTKB:SWISSPROT:TREMBL:ENSEMBL:CELLPHONEDB:BADERLAB:SINGLECELLSIGNALR:BIOMART:HOMOLOGENE:Annotation:LRBase.Nle.eg.db:Nomascus leucogenys:Northern white-cheeked gibbon:v012"
"LRBaseDb for Neovison vison (American mink, v012)","Correspondence table between Ligand Gene ID and Receptor ID for Neovison vison (American mink)","3.24",NA,"CSV","https://github.com/rikenbit/lrbase-workflow","16-Sep-2026","Neovison vison",452646,NA,"FANTOM5,DLRP,IUPHAR,HPRD,STRING,SWISSPROT,TREMBL,ENSEMBL,CELLPHONEDB,BADERLAB,SINGLECELLSIGNALR,HOMOLOGENE","Koki Tsuyuzaki <k.t.the-answer@hotmail.co.jp>","SQLiteFile","FilePath","AHLRBaseDbs/v012/LRBase.Nvi.eg.db.sqlite","LRBaseDb:LRBase:NCBI:Gene:NCBI Gene:FANTOM5:DLRP:IUPHAR:HPRD:STRING:UNIPROTKB:SWISSPROT:TREMBL:ENSEMBL:CELLPHONEDB:BADERLAB:SINGLECELLSIGNALR:BIOMART:HOMOLOGENE:Annotation:LRBase.Nvi.eg.db:Neovison vison:American mink:v012"
"LRBaseDb for Ornithorhynchus anatinus (Platypus, v012)","Correspondence table between Ligand Gene ID and Receptor ID for Ornithorhynchus anatinus (Platypus)","3.24",NA,"CSV","https://github.com/rikenbit/lrbase-workflow","16-Sep-2026","Ornithorhynchus anatinus",9258,NA,"FANTOM5,DLRP,IUPHAR,HPRD,STRING,SWISSPROT,TREMBL,ENSEMBL,CELLPHONEDB,BADERLAB,SINGLECELLSIGNALR,HOMOLOGENE","Koki Tsuyuzaki <k.t.the-answer@hotmail.co.jp>","SQLiteFile","FilePath","AHLRBaseDbs/v012/LRBase.Oan.eg.db.sqlite","LRBaseDb:LRBase:NCBI:Gene:NCBI Gene:FANTOM5:DLRP:IUPHAR:HPRD:STRING:UNIPROTKB:SWISSPROT:TREMBL:ENSEMBL:CELLPHONEDB:BADERLAB:SINGLECELLSIGNALR:BIOMART:HOMOLOGENE:Annotation:LRBase.Oan.eg.db:Ornithorhynchus anatinus:Platypus:v012"
"LRBaseDb for Ovis aries (Sheep, v012)","Correspondence table between Ligand Gene ID and Receptor ID for Ovis aries (Sheep)","3.24",NA,"CSV","https://github.com/rikenbit/lrbase-workflow","16-Sep-2026","Ovis aries",9940,NA,"FANTOM5,DLRP,IUPHAR,HPRD,STRING,SWISSPROT,TREMBL,ENSEMBL,CELLPHONEDB,BADERLAB,SINGLECELLSIGNALR,HOMOLOGENE","Koki Tsuyuzaki <k.t.the-answer@hotmail.co.jp>","SQLiteFile","FilePath","AHLRBaseDbs/v012/LRBase.Oar.eg.db.sqlite","LRBaseDb:LRBase:NCBI:Gene:NCBI Gene:FANTOM5:DLRP:IUPHAR:HPRD:STRING:UNIPROTKB:SWISSPROT:TREMBL:ENSEMBL:CELLPHONEDB:BADERLAB:SINGLECELLSIGNALR:BIOMART:HOMOLOGENE:Annotation:LRBase.Oar.eg.db:Ovis aries:Sheep:v012"
"LRBaseDb for Oryctolagus cuniculus (Rabbit, v012)","Correspondence table between Ligand Gene ID and Receptor ID for Oryctolagus cuniculus (Rabbit)","3.24",NA,"CSV","https://github.com/rikenbit/lrbase-workflow","16-Sep-2026","Oryctolagus cuniculus",9986,NA,"FANTOM5,DLRP,IUPHAR,HPRD,STRING,SWISSPROT,TREMBL,ENSEMBL,CELLPHONEDB,BADERLAB,SINGLECELLSIGNALR,HOMOLOGENE","Koki Tsuyuzaki <k.t.the-answer@hotmail.co.jp>","SQLiteFile","FilePath","AHLRBaseDbs/v012/LRBase.Ocu.eg.db.sqlite","LRBaseDb:LRBase:NCBI:Gene:NCBI Gene:FANTOM5:DLRP:IUPHAR:HPRD:STRING:UNIPROTKB:SWISSPROT:TREMBL:ENSEMBL:CELLPHONEDB:BADERLAB:SINGLECELLSIGNALR:BIOMART:HOMOLOGENE:Annotation:LRBase.Ocu.eg.db:Oryctolagus cuniculus:Rabbit:v012"
"LRBaseDb for Octodon degus (Degu, v012)","Correspondence table between Ligand Gene ID and Receptor ID for Octodon degus (Degu)","3.24",NA,"CSV","https://github.com/rikenbit/lrbase-workflow","16-Sep-2026","Octodon degus",10160,NA,"FANTOM5,DLRP,IUPHAR,HPRD,STRING,SWISSPROT,TREMBL,ENSEMBL,CELLPHONEDB,BADERLAB,SINGLECELLSIGNALR,HOMOLOGENE","Koki Tsuyuzaki <k.t.the-answer@hotmail.co.jp>","SQLiteFile","FilePath","AHLRBaseDbs/v012/LRBase.Ode.eg.db.sqlite","LRBaseDb:LRBase:NCBI:Gene:NCBI Gene:FANTOM5:DLRP:IUPHAR:HPRD:STRING:UNIPROTKB:SWISSPROT:TREMBL:ENSEMBL:CELLPHONEDB:BADERLAB:SINGLECELLSIGNALR:BIOMART:HOMOLOGENE:Annotation:LRBase.Ode.eg.db:Octodon degus:Degu:v012"
"LRBaseDb for Oryzias melastigma (Indian medaka, v012)","Correspondence table between Ligand Gene ID and Receptor ID for Oryzias melastigma (Indian medaka)","3.24",NA,"CSV","https://github.com/rikenbit/lrbase-workflow","16-Sep-2026","Oryzias melastigma",30732,NA,"FANTOM5,DLRP,IUPHAR,HPRD,STRING,SWISSPROT,TREMBL,ENSEMBL,CELLPHONEDB,BADERLAB,SINGLECELLSIGNALR,HOMOLOGENE","Koki Tsuyuzaki <k.t.the-answer@hotmail.co.jp>","SQLiteFile","FilePath","AHLRBaseDbs/v012/LRBase.Ome.eg.db.sqlite","LRBaseDb:LRBase:NCBI:Gene:NCBI Gene:FANTOM5:DLRP:IUPHAR:HPRD:STRING:UNIPROTKB:SWISSPROT:TREMBL:ENSEMBL:CELLPHONEDB:BADERLAB:SINGLECELLSIGNALR:BIOMART:HOMOLOGENE:Annotation:LRBase.Ome.eg.db:Oryzias melastigma:Indian medaka:v012"
"LRBaseDb for Oreochromis niloticus (Nile tilapia, v012)","Correspondence table between Ligand Gene ID and Receptor ID for Oreochromis niloticus (Nile tilapia)","3.24",NA,"CSV","https://github.com/rikenbit/lrbase-workflow","16-Sep-2026","Oreochromis niloticus",8128,NA,"FANTOM5,DLRP,IUPHAR,HPRD,STRING,SWISSPROT,TREMBL,ENSEMBL,CELLPHONEDB,BADERLAB,SINGLECELLSIGNALR,HOMOLOGENE","Koki Tsuyuzaki <k.t.the-answer@hotmail.co.jp>","SQLiteFile","FilePath","AHLRBaseDbs/v012/LRBase.Oni.eg.db.sqlite","LRBaseDb:LRBase:NCBI:Gene:NCBI Gene:FANTOM5:DLRP:IUPHAR:HPRD:STRING:UNIPROTKB:SWISSPROT:TREMBL:ENSEMBL:CELLPHONEDB:BADERLAB:SINGLECELLSIGNALR:BIOMART:HOMOLOGENE:Annotation:LRBase.Oni.eg.db:Oreochromis niloticus:Nile tilapia:v012"
"LRBaseDb for Pongo abelii (Orangutan, v012)","Correspondence table between Ligand Gene ID and Receptor ID for Pongo abelii (Orangutan)","3.24",NA,"CSV","https://github.com/rikenbit/lrbase-workflow","16-Sep-2026","Pongo abelii",9601,NA,"FANTOM5,DLRP,IUPHAR,HPRD,STRING,SWISSPROT,TREMBL,ENSEMBL,CELLPHONEDB,BADERLAB,SINGLECELLSIGNALR,HOMOLOGENE","Koki Tsuyuzaki <k.t.the-answer@hotmail.co.jp>","SQLiteFile","FilePath","AHLRBaseDbs/v012/LRBase.Pab.eg.db.sqlite","LRBaseDb:LRBase:NCBI:Gene:NCBI Gene:FANTOM5:DLRP:IUPHAR:HPRD:STRING:UNIPROTKB:SWISSPROT:TREMBL:ENSEMBL:CELLPHONEDB:BADERLAB:SINGLECELLSIGNALR:BIOMART:HOMOLOGENE:Annotation:LRBase.Pab.eg.db:Pongo abelii:Orangutan:v012"
"LRBaseDb for Papio anubis (Olive baboon, v012)","Correspondence table between Ligand Gene ID and Receptor ID for Papio anubis (Olive baboon)","3.24",NA,"CSV","https://github.com/rikenbit/lrbase-workflow","16-Sep-2026","Papio anubis",9555,NA,"FANTOM5,DLRP,IUPHAR,HPRD,STRING,SWISSPROT,TREMBL,ENSEMBL,CELLPHONEDB,BADERLAB,SINGLECELLSIGNALR,HOMOLOGENE","Koki Tsuyuzaki <k.t.the-answer@hotmail.co.jp>","SQLiteFile","FilePath","AHLRBaseDbs/v012/LRBase.Pan.eg.db.sqlite","LRBaseDb:LRBase:NCBI:Gene:NCBI Gene:FANTOM5:DLRP:IUPHAR:HPRD:STRING:UNIPROTKB:SWISSPROT:TREMBL:ENSEMBL:CELLPHONEDB:BADERLAB:SINGLECELLSIGNALR:BIOMART:HOMOLOGENE:Annotation:LRBase.Pan.eg.db:Papio anubis:Olive baboon:v012"
"LRBaseDb for Phascolarctos cinereus (Koala, v012)","Correspondence table between Ligand Gene ID and Receptor ID for Phascolarctos cinereus (Koala)","3.24",NA,"CSV","https://github.com/rikenbit/lrbase-workflow","16-Sep-2026","Phascolarctos cinereus",38626,NA,"FANTOM5,DLRP,IUPHAR,HPRD,STRING,SWISSPROT,TREMBL,ENSEMBL,CELLPHONEDB,BADERLAB,SINGLECELLSIGNALR,HOMOLOGENE","Koki Tsuyuzaki <k.t.the-answer@hotmail.co.jp>","SQLiteFile","FilePath","AHLRBaseDbs/v012/LRBase.Pci.eg.db.sqlite","LRBaseDb:LRBase:NCBI:Gene:NCBI Gene:FANTOM5:DLRP:IUPHAR:HPRD:STRING:UNIPROTKB:SWISSPROT:TREMBL:ENSEMBL:CELLPHONEDB:BADERLAB:SINGLECELLSIGNALR:BIOMART:HOMOLOGENE:Annotation:LRBase.Pci.eg.db:Phascolarctos cinereus:Koala:v012"
"LRBaseDb for Propithecus coquereli (Coquerel's sifaka, v012)","Correspondence table between Ligand Gene ID and Receptor ID for Propithecus coquereli (Coquerel's sifaka)","3.24",NA,"CSV","https://github.com/rikenbit/lrbase-workflow","16-Sep-2026","Propithecus coquereli",379532,NA,"FANTOM5,DLRP,IUPHAR,HPRD,STRING,SWISSPROT,TREMBL,ENSEMBL,CELLPHONEDB,BADERLAB,SINGLECELLSIGNALR,HOMOLOGENE","Koki Tsuyuzaki <k.t.the-answer@hotmail.co.jp>","SQLiteFile","FilePath","AHLRBaseDbs/v012/LRBase.Pco.eg.db.sqlite","LRBaseDb:LRBase:NCBI:Gene:NCBI Gene:FANTOM5:DLRP:IUPHAR:HPRD:STRING:UNIPROTKB:SWISSPROT:TREMBL:ENSEMBL:CELLPHONEDB:BADERLAB:SINGLECELLSIGNALR:BIOMART:HOMOLOGENE:Annotation:LRBase.Pco.eg.db:Propithecus coquereli:Coquerel's sifaka:v012"
"LRBaseDb for Poecilia formosa (Amazon molly, v012)","Correspondence table between Ligand Gene ID and Receptor ID for Poecilia formosa (Amazon molly)","3.24",NA,"CSV","https://github.com/rikenbit/lrbase-workflow","16-Sep-2026","Poecilia formosa",48698,NA,"FANTOM5,DLRP,IUPHAR,HPRD,STRING,SWISSPROT,TREMBL,ENSEMBL,CELLPHONEDB,BADERLAB,SINGLECELLSIGNALR,HOMOLOGENE","Koki Tsuyuzaki <k.t.the-answer@hotmail.co.jp>","SQLiteFile","FilePath","AHLRBaseDbs/v012/LRBase.Pfo.eg.db.sqlite","LRBaseDb:LRBase:NCBI:Gene:NCBI Gene:FANTOM5:DLRP:IUPHAR:HPRD:STRING:UNIPROTKB:SWISSPROT:TREMBL:ENSEMBL:CELLPHONEDB:BADERLAB:SINGLECELLSIGNALR:BIOMART:HOMOLOGENE:Annotation:LRBase.Pfo.eg.db:Poecilia formosa:Amazon molly:v012"
"LRBaseDb for Poecilia latipinna (Sailfin molly, v012)","Correspondence table between Ligand Gene ID and Receptor ID for Poecilia latipinna (Sailfin molly)","3.24",NA,"CSV","https://github.com/rikenbit/lrbase-workflow","16-Sep-2026","Poecilia latipinna",48699,NA,"FANTOM5,DLRP,IUPHAR,HPRD,STRING,SWISSPROT,TREMBL,ENSEMBL,CELLPHONEDB,BADERLAB,SINGLECELLSIGNALR,HOMOLOGENE","Koki Tsuyuzaki <k.t.the-answer@hotmail.co.jp>","SQLiteFile","FilePath","AHLRBaseDbs/v012/LRBase.Pla.eg.db.sqlite","LRBaseDb:LRBase:NCBI:Gene:NCBI Gene:FANTOM5:DLRP:IUPHAR:HPRD:STRING:UNIPROTKB:SWISSPROT:TREMBL:ENSEMBL:CELLPHONEDB:BADERLAB:SINGLECELLSIGNALR:BIOMART:HOMOLOGENE:Annotation:LRBase.Pla.eg.db:Poecilia latipinna:Sailfin molly:v012"
"LRBaseDb for Peromyscus maniculatus bairdii (Northern American deer mouse, v012)","Correspondence table between Ligand Gene ID and Receptor ID for Peromyscus maniculatus bairdii (Northern American deer mouse)","3.24",NA,"CSV","https://github.com/rikenbit/lrbase-workflow","16-Sep-2026","Peromyscus maniculatus bairdii",230844,NA,"FANTOM5,DLRP,IUPHAR,HPRD,STRING,SWISSPROT,TREMBL,ENSEMBL,CELLPHONEDB,BADERLAB,SINGLECELLSIGNALR,HOMOLOGENE","Koki Tsuyuzaki <k.t.the-answer@hotmail.co.jp>","SQLiteFile","FilePath","AHLRBaseDbs/v012/LRBase.Pmb.eg.db.sqlite","LRBaseDb:LRBase:NCBI:Gene:NCBI Gene:FANTOM5:DLRP:IUPHAR:HPRD:STRING:UNIPROTKB:SWISSPROT:TREMBL:ENSEMBL:CELLPHONEDB:BADERLAB:SINGLECELLSIGNALR:BIOMART:HOMOLOGENE:Annotation:LRBase.Pmb.eg.db:Peromyscus maniculatus bairdii:Northern American deer mouse:v012"
"LRBaseDb for Pygocentrus nattereri (Red-bellied piranha, v012)","Correspondence table between Ligand Gene ID and Receptor ID for Pygocentrus nattereri (Red-bellied piranha)","3.24",NA,"CSV","https://github.com/rikenbit/lrbase-workflow","16-Sep-2026","Pygocentrus nattereri",42514,NA,"FANTOM5,DLRP,IUPHAR,HPRD,STRING,SWISSPROT,TREMBL,ENSEMBL,CELLPHONEDB,BADERLAB,SINGLECELLSIGNALR,HOMOLOGENE","Koki Tsuyuzaki <k.t.the-answer@hotmail.co.jp>","SQLiteFile","FilePath","AHLRBaseDbs/v012/LRBase.Pna.eg.db.sqlite","LRBaseDb:LRBase:NCBI:Gene:NCBI Gene:FANTOM5:DLRP:IUPHAR:HPRD:STRING:UNIPROTKB:SWISSPROT:TREMBL:ENSEMBL:CELLPHONEDB:BADERLAB:SINGLECELLSIGNALR:BIOMART:HOMOLOGENE:Annotation:LRBase.Pna.eg.db:Pygocentrus nattereri:Red-bellied piranha:v012"
"LRBaseDb for Pundamilia nyererei (Makobe Island cichlid, v012)","Correspondence table between Ligand Gene ID and Receptor ID for Pundamilia nyererei (Makobe Island cichlid)","3.24",NA,"CSV","https://github.com/rikenbit/lrbase-workflow","16-Sep-2026","Pundamilia nyererei",303518,NA,"FANTOM5,DLRP,IUPHAR,HPRD,STRING,SWISSPROT,TREMBL,ENSEMBL,CELLPHONEDB,BADERLAB,SINGLECELLSIGNALR,HOMOLOGENE","Koki Tsuyuzaki <k.t.the-answer@hotmail.co.jp>","SQLiteFile","FilePath","AHLRBaseDbs/v012/LRBase.Pny.eg.db.sqlite","LRBaseDb:LRBase:NCBI:Gene:NCBI Gene:FANTOM5:DLRP:IUPHAR:HPRD:STRING:UNIPROTKB:SWISSPROT:TREMBL:ENSEMBL:CELLPHONEDB:BADERLAB:SINGLECELLSIGNALR:BIOMART:HOMOLOGENE:Annotation:LRBase.Pny.eg.db:Pundamilia nyererei:Makobe Island cichlid:v012"
"LRBaseDb for Pan paniscus (Bonobo, v012)","Correspondence table between Ligand Gene ID and Receptor ID for Pan paniscus (Bonobo)","3.24",NA,"CSV","https://github.com/rikenbit/lrbase-workflow","16-Sep-2026","Pan paniscus",9597,NA,"FANTOM5,DLRP,IUPHAR,HPRD,STRING,SWISSPROT,TREMBL,ENSEMBL,CELLPHONEDB,BADERLAB,SINGLECELLSIGNALR,HOMOLOGENE","Koki Tsuyuzaki <k.t.the-answer@hotmail.co.jp>","SQLiteFile","FilePath","AHLRBaseDbs/v012/LRBase.Ppa.eg.db.sqlite","LRBaseDb:LRBase:NCBI:Gene:NCBI Gene:FANTOM5:DLRP:IUPHAR:HPRD:STRING:UNIPROTKB:SWISSPROT:TREMBL:ENSEMBL:CELLPHONEDB:BADERLAB:SINGLECELLSIGNALR:BIOMART:HOMOLOGENE:Annotation:LRBase.Ppa.eg.db:Pan paniscus:Bonobo:v012"
"LRBaseDb for Panthera pardus (Leopard, v012)","Correspondence table between Ligand Gene ID and Receptor ID for Panthera pardus (Leopard)","3.24",NA,"CSV","https://github.com/rikenbit/lrbase-workflow","16-Sep-2026","Panthera pardus",9691,NA,"FANTOM5,DLRP,IUPHAR,HPRD,STRING,SWISSPROT,TREMBL,ENSEMBL,CELLPHONEDB,BADERLAB,SINGLECELLSIGNALR,HOMOLOGENE","Koki Tsuyuzaki <k.t.the-answer@hotmail.co.jp>","SQLiteFile","FilePath","AHLRBaseDbs/v012/LRBase.Ppr.eg.db.sqlite","LRBaseDb:LRBase:NCBI:Gene:NCBI Gene:FANTOM5:DLRP:IUPHAR:HPRD:STRING:UNIPROTKB:SWISSPROT:TREMBL:ENSEMBL:CELLPHONEDB:BADERLAB:SINGLECELLSIGNALR:BIOMART:HOMOLOGENE:Annotation:LRBase.Ppr.eg.db:Panthera pardus:Leopard:v012"
"LRBaseDb for Poecilia reticulata (Guppy, v012)","Correspondence table between Ligand Gene ID and Receptor ID for Poecilia reticulata (Guppy)","3.24",NA,"CSV","https://github.com/rikenbit/lrbase-workflow","16-Sep-2026","Poecilia reticulata",8081,NA,"FANTOM5,DLRP,IUPHAR,HPRD,STRING,SWISSPROT,TREMBL,ENSEMBL,CELLPHONEDB,BADERLAB,SINGLECELLSIGNALR,HOMOLOGENE","Koki Tsuyuzaki <k.t.the-answer@hotmail.co.jp>","SQLiteFile","FilePath","AHLRBaseDbs/v012/LRBase.Pre.eg.db.sqlite","LRBaseDb:LRBase:NCBI:Gene:NCBI Gene:FANTOM5:DLRP:IUPHAR:HPRD:STRING:UNIPROTKB:SWISSPROT:TREMBL:ENSEMBL:CELLPHONEDB:BADERLAB:SINGLECELLSIGNALR:BIOMART:HOMOLOGENE:Annotation:LRBase.Pre.eg.db:Poecilia reticulata:Guppy:v012"
"LRBaseDb for Pelodiscus sinensis (Chinese softshell turtle, v012)","Correspondence table between Ligand Gene ID and Receptor ID for Pelodiscus sinensis (Chinese softshell turtle)","3.24",NA,"CSV","https://github.com/rikenbit/lrbase-workflow","16-Sep-2026","Pelodiscus sinensis",13735,NA,"FANTOM5,DLRP,IUPHAR,HPRD,STRING,SWISSPROT,TREMBL,ENSEMBL,CELLPHONEDB,BADERLAB,SINGLECELLSIGNALR,HOMOLOGENE","Koki Tsuyuzaki <k.t.the-answer@hotmail.co.jp>","SQLiteFile","FilePath","AHLRBaseDbs/v012/LRBase.Psi.eg.db.sqlite","LRBaseDb:LRBase:NCBI:Gene:NCBI Gene:FANTOM5:DLRP:IUPHAR:HPRD:STRING:UNIPROTKB:SWISSPROT:TREMBL:ENSEMBL:CELLPHONEDB:BADERLAB:SINGLECELLSIGNALR:BIOMART:HOMOLOGENE:Annotation:LRBase.Psi.eg.db:Pelodiscus sinensis:Chinese softshell turtle:v012"
"LRBaseDb for Pan troglodytes (Chimpanzee, v012)","Correspondence table between Ligand Gene ID and Receptor ID for Pan troglodytes (Chimpanzee)","3.24",NA,"CSV","https://github.com/rikenbit/lrbase-workflow","16-Sep-2026","Pan troglodytes",9598,NA,"FANTOM5,DLRP,IUPHAR,HPRD,STRING,SWISSPROT,TREMBL,ENSEMBL,CELLPHONEDB,BADERLAB,SINGLECELLSIGNALR,HOMOLOGENE","Koki Tsuyuzaki <k.t.the-answer@hotmail.co.jp>","SQLiteFile","FilePath","AHLRBaseDbs/v012/LRBase.Pto.eg.db.sqlite","LRBaseDb:LRBase:NCBI:Gene:NCBI Gene:FANTOM5:DLRP:IUPHAR:HPRD:STRING:UNIPROTKB:SWISSPROT:TREMBL:ENSEMBL:CELLPHONEDB:BADERLAB:SINGLECELLSIGNALR:BIOMART:HOMOLOGENE:Annotation:LRBase.Pto.eg.db:Pan troglodytes:Chimpanzee:v012"
"LRBaseDb for Pteropus vampyrus (Megabat, v012)","Correspondence table between Ligand Gene ID and Receptor ID for Pteropus vampyrus (Megabat)","3.24",NA,"CSV","https://github.com/rikenbit/lrbase-workflow","16-Sep-2026","Pteropus vampyrus",132908,NA,"FANTOM5,DLRP,IUPHAR,HPRD,STRING,SWISSPROT,TREMBL,ENSEMBL,CELLPHONEDB,BADERLAB,SINGLECELLSIGNALR,HOMOLOGENE","Koki Tsuyuzaki <k.t.the-answer@hotmail.co.jp>","SQLiteFile","FilePath","AHLRBaseDbs/v012/LRBase.Pva.eg.db.sqlite","LRBaseDb:LRBase:NCBI:Gene:NCBI Gene:FANTOM5:DLRP:IUPHAR:HPRD:STRING:UNIPROTKB:SWISSPROT:TREMBL:ENSEMBL:CELLPHONEDB:BADERLAB:SINGLECELLSIGNALR:BIOMART:HOMOLOGENE:Annotation:LRBase.Pva.eg.db:Pteropus vampyrus:Megabat:v012"
"LRBaseDb for Rhinopithecus bieti (Black snub-nosed monkey, v012)","Correspondence table between Ligand Gene ID and Receptor ID for Rhinopithecus bieti (Black snub-nosed monkey)","3.24",NA,"CSV","https://github.com/rikenbit/lrbase-workflow","16-Sep-2026","Rhinopithecus bieti",61621,NA,"FANTOM5,DLRP,IUPHAR,HPRD,STRING,SWISSPROT,TREMBL,ENSEMBL,CELLPHONEDB,BADERLAB,SINGLECELLSIGNALR,HOMOLOGENE","Koki Tsuyuzaki <k.t.the-answer@hotmail.co.jp>","SQLiteFile","FilePath","AHLRBaseDbs/v012/LRBase.Rbi.eg.db.sqlite","LRBaseDb:LRBase:NCBI:Gene:NCBI Gene:FANTOM5:DLRP:IUPHAR:HPRD:STRING:UNIPROTKB:SWISSPROT:TREMBL:ENSEMBL:CELLPHONEDB:BADERLAB:SINGLECELLSIGNALR:BIOMART:HOMOLOGENE:Annotation:LRBase.Rbi.eg.db:Rhinopithecus bieti:Black snub-nosed monkey:v012"
"LRBaseDb for Rattus norvegicus (Rat, v012)","Correspondence table between Ligand Gene ID and Receptor ID for Rattus norvegicus (Rat)","3.24",NA,"CSV","https://github.com/rikenbit/lrbase-workflow","16-Sep-2026","Rattus norvegicus",10116,NA,"FANTOM5,DLRP,IUPHAR,HPRD,STRING,SWISSPROT,TREMBL,ENSEMBL,CELLPHONEDB,BADERLAB,SINGLECELLSIGNALR,HOMOLOGENE","Koki Tsuyuzaki <k.t.the-answer@hotmail.co.jp>","SQLiteFile","FilePath","AHLRBaseDbs/v012/LRBase.Rno.eg.db.sqlite","LRBaseDb:LRBase:NCBI:Gene:NCBI Gene:FANTOM5:DLRP:IUPHAR:HPRD:STRING:UNIPROTKB:SWISSPROT:TREMBL:ENSEMBL:CELLPHONEDB:BADERLAB:SINGLECELLSIGNALR:BIOMART:HOMOLOGENE:Annotation:LRBase.Rno.eg.db:Rattus norvegicus:Rat:v012"
"LRBaseDb for Rhinopithecus roxellana (Golden snub-nosed monkey, v012)","Correspondence table between Ligand Gene ID and Receptor ID for Rhinopithecus roxellana (Golden snub-nosed monkey)","3.24",NA,"CSV","https://github.com/rikenbit/lrbase-workflow","16-Sep-2026","Rhinopithecus roxellana",61622,NA,"FANTOM5,DLRP,IUPHAR,HPRD,STRING,SWISSPROT,TREMBL,ENSEMBL,CELLPHONEDB,BADERLAB,SINGLECELLSIGNALR,HOMOLOGENE","Koki Tsuyuzaki <k.t.the-answer@hotmail.co.jp>","SQLiteFile","FilePath","AHLRBaseDbs/v012/LRBase.Rro.eg.db.sqlite","LRBaseDb:LRBase:NCBI:Gene:NCBI Gene:FANTOM5:DLRP:IUPHAR:HPRD:STRING:UNIPROTKB:SWISSPROT:TREMBL:ENSEMBL:CELLPHONEDB:BADERLAB:SINGLECELLSIGNALR:BIOMART:HOMOLOGENE:Annotation:LRBase.Rro.eg.db:Rhinopithecus roxellana:Golden snub-nosed monkey:v012"
"LRBaseDb for Sparus aurata (Gilthead seabream, v012)","Correspondence table between Ligand Gene ID and Receptor ID for Sparus aurata (Gilthead seabream)","3.24",NA,"CSV","https://github.com/rikenbit/lrbase-workflow","16-Sep-2026","Sparus aurata",8175,NA,"FANTOM5,DLRP,IUPHAR,HPRD,STRING,SWISSPROT,TREMBL,ENSEMBL,CELLPHONEDB,BADERLAB,SINGLECELLSIGNALR,HOMOLOGENE","Koki Tsuyuzaki <k.t.the-answer@hotmail.co.jp>","SQLiteFile","FilePath","AHLRBaseDbs/v012/LRBase.Sau.eg.db.sqlite","LRBaseDb:LRBase:NCBI:Gene:NCBI Gene:FANTOM5:DLRP:IUPHAR:HPRD:STRING:UNIPROTKB:SWISSPROT:TREMBL:ENSEMBL:CELLPHONEDB:BADERLAB:SINGLECELLSIGNALR:BIOMART:HOMOLOGENE:Annotation:LRBase.Sau.eg.db:Sparus aurata:Gilthead seabream:v012"
"LRBaseDb for Serinus canaria (Common canary, v012)","Correspondence table between Ligand Gene ID and Receptor ID for Serinus canaria (Common canary)","3.24",NA,"CSV","https://github.com/rikenbit/lrbase-workflow","16-Sep-2026","Serinus canaria",9135,NA,"FANTOM5,DLRP,IUPHAR,HPRD,STRING,SWISSPROT,TREMBL,ENSEMBL,CELLPHONEDB,BADERLAB,SINGLECELLSIGNALR,HOMOLOGENE","Koki Tsuyuzaki <k.t.the-answer@hotmail.co.jp>","SQLiteFile","FilePath","AHLRBaseDbs/v012/LRBase.Sca.eg.db.sqlite","LRBaseDb:LRBase:NCBI:Gene:NCBI Gene:FANTOM5:DLRP:IUPHAR:HPRD:STRING:UNIPROTKB:SWISSPROT:TREMBL:ENSEMBL:CELLPHONEDB:BADERLAB:SINGLECELLSIGNALR:BIOMART:HOMOLOGENE:Annotation:LRBase.Sca.eg.db:Serinus canaria:Common canary:v012"
"LRBaseDb for Seriola dumerili (Greater amberjack, v012)","Correspondence table between Ligand Gene ID and Receptor ID for Seriola dumerili (Greater amberjack)","3.24",NA,"CSV","https://github.com/rikenbit/lrbase-workflow","16-Sep-2026","Seriola dumerili",41447,NA,"FANTOM5,DLRP,IUPHAR,HPRD,STRING,SWISSPROT,TREMBL,ENSEMBL,CELLPHONEDB,BADERLAB,SINGLECELLSIGNALR,HOMOLOGENE","Koki Tsuyuzaki <k.t.the-answer@hotmail.co.jp>","SQLiteFile","FilePath","AHLRBaseDbs/v012/LRBase.Sdu.eg.db.sqlite","LRBaseDb:LRBase:NCBI:Gene:NCBI Gene:FANTOM5:DLRP:IUPHAR:HPRD:STRING:UNIPROTKB:SWISSPROT:TREMBL:ENSEMBL:CELLPHONEDB:BADERLAB:SINGLECELLSIGNALR:BIOMART:HOMOLOGENE:Annotation:LRBase.Sdu.eg.db:Seriola dumerili:Greater amberjack:v012"
"LRBaseDb for Scleropages formosus (Asian bonytongue, v012)","Correspondence table between Ligand Gene ID and Receptor ID for Scleropages formosus (Asian bonytongue)","3.24",NA,"CSV","https://github.com/rikenbit/lrbase-workflow","16-Sep-2026","Scleropages formosus",113540,NA,"FANTOM5,DLRP,IUPHAR,HPRD,STRING,SWISSPROT,TREMBL,ENSEMBL,CELLPHONEDB,BADERLAB,SINGLECELLSIGNALR,HOMOLOGENE","Koki Tsuyuzaki <k.t.the-answer@hotmail.co.jp>","SQLiteFile","FilePath","AHLRBaseDbs/v012/LRBase.Sfo.eg.db.sqlite","LRBaseDb:LRBase:NCBI:Gene:NCBI Gene:FANTOM5:DLRP:IUPHAR:HPRD:STRING:UNIPROTKB:SWISSPROT:TREMBL:ENSEMBL:CELLPHONEDB:BADERLAB:SINGLECELLSIGNALR:BIOMART:HOMOLOGENE:Annotation:LRBase.Sfo.eg.db:Scleropages formosus:Asian bonytongue:v012"
"LRBaseDb for Sarcophilus harrisii (Tasmanian devil, v012)","Correspondence table between Ligand Gene ID and Receptor ID for Sarcophilus harrisii (Tasmanian devil)","3.24",NA,"CSV","https://github.com/rikenbit/lrbase-workflow","16-Sep-2026","Sarcophilus harrisii",9305,NA,"FANTOM5,DLRP,IUPHAR,HPRD,STRING,SWISSPROT,TREMBL,ENSEMBL,CELLPHONEDB,BADERLAB,SINGLECELLSIGNALR,HOMOLOGENE","Koki Tsuyuzaki <k.t.the-answer@hotmail.co.jp>","SQLiteFile","FilePath","AHLRBaseDbs/v012/LRBase.Sha.eg.db.sqlite","LRBaseDb:LRBase:NCBI:Gene:NCBI Gene:FANTOM5:DLRP:IUPHAR:HPRD:STRING:UNIPROTKB:SWISSPROT:TREMBL:ENSEMBL:CELLPHONEDB:BADERLAB:SINGLECELLSIGNALR:BIOMART:HOMOLOGENE:Annotation:LRBase.Sha.eg.db:Sarcophilus harrisii:Tasmanian devil:v012"
"LRBaseDb for Strigops habroptila (Kakapo, v012)","Correspondence table between Ligand Gene ID and Receptor ID for Strigops habroptila (Kakapo)","3.24",NA,"CSV","https://github.com/rikenbit/lrbase-workflow","16-Sep-2026","Strigops habroptila",2489341,NA,"FANTOM5,DLRP,IUPHAR,HPRD,STRING,SWISSPROT,TREMBL,ENSEMBL,CELLPHONEDB,BADERLAB,SINGLECELLSIGNALR,HOMOLOGENE","Koki Tsuyuzaki <k.t.the-answer@hotmail.co.jp>","SQLiteFile","FilePath","AHLRBaseDbs/v012/LRBase.Shb.eg.db.sqlite","LRBaseDb:LRBase:NCBI:Gene:NCBI Gene:FANTOM5:DLRP:IUPHAR:HPRD:STRING:UNIPROTKB:SWISSPROT:TREMBL:ENSEMBL:CELLPHONEDB:BADERLAB:SINGLECELLSIGNALR:BIOMART:HOMOLOGENE:Annotation:LRBase.Shb.eg.db:Strigops habroptila:Kakapo:v012"
"LRBaseDb for Seriola lalandi dorsalis (Yellowtail amberjack, v012)","Correspondence table between Ligand Gene ID and Receptor ID for Seriola lalandi dorsalis (Yellowtail amberjack)","3.24",NA,"CSV","https://github.com/rikenbit/lrbase-workflow","16-Sep-2026","Seriola lalandi dorsalis",1841481,NA,"FANTOM5,DLRP,IUPHAR,HPRD,STRING,SWISSPROT,TREMBL,ENSEMBL,CELLPHONEDB,BADERLAB,SINGLECELLSIGNALR,HOMOLOGENE","Koki Tsuyuzaki <k.t.the-answer@hotmail.co.jp>","SQLiteFile","FilePath","AHLRBaseDbs/v012/LRBase.Sld.eg.db.sqlite","LRBaseDb:LRBase:NCBI:Gene:NCBI Gene:FANTOM5:DLRP:IUPHAR:HPRD:STRING:UNIPROTKB:SWISSPROT:TREMBL:ENSEMBL:CELLPHONEDB:BADERLAB:SINGLECELLSIGNALR:BIOMART:HOMOLOGENE:Annotation:LRBase.Sld.eg.db:Seriola lalandi dorsalis:Yellowtail amberjack:v012"
"LRBaseDb for Strongylocentrotus purpuratus (Purple sea urchin, v012)","Correspondence table between Ligand Gene ID and Receptor ID for Strongylocentrotus purpuratus (Purple sea urchin)","3.24",NA,"CSV","https://github.com/rikenbit/lrbase-workflow","16-Sep-2026","Strongylocentrotus purpuratus",7668,NA,"FANTOM5,DLRP,IUPHAR,HPRD,STRING,SWISSPROT,TREMBL,ENSEMBL,CELLPHONEDB,BADERLAB,SINGLECELLSIGNALR,HOMOLOGENE","Koki Tsuyuzaki <k.t.the-answer@hotmail.co.jp>","SQLiteFile","FilePath","AHLRBaseDbs/v012/LRBase.Spu.eg.db.sqlite","LRBaseDb:LRBase:NCBI:Gene:NCBI Gene:FANTOM5:DLRP:IUPHAR:HPRD:STRING:UNIPROTKB:SWISSPROT:TREMBL:ENSEMBL:CELLPHONEDB:BADERLAB:SINGLECELLSIGNALR:BIOMART:HOMOLOGENE:Annotation:LRBase.Spu.eg.db:Strongylocentrotus purpuratus:Purple sea urchin:v012"
"LRBaseDb for Salmo salar (Atlantic salmon, v012)","Correspondence table between Ligand Gene ID and Receptor ID for Salmo salar (Atlantic salmon)","3.24",NA,"CSV","https://github.com/rikenbit/lrbase-workflow","16-Sep-2026","Salmo salar",8030,NA,"FANTOM5,DLRP,IUPHAR,HPRD,STRING,SWISSPROT,TREMBL,ENSEMBL,CELLPHONEDB,BADERLAB,SINGLECELLSIGNALR,HOMOLOGENE","Koki Tsuyuzaki <k.t.the-answer@hotmail.co.jp>","SQLiteFile","FilePath","AHLRBaseDbs/v012/LRBase.Ssa.eg.db.sqlite","LRBaseDb:LRBase:NCBI:Gene:NCBI Gene:FANTOM5:DLRP:IUPHAR:HPRD:STRING:UNIPROTKB:SWISSPROT:TREMBL:ENSEMBL:CELLPHONEDB:BADERLAB:SINGLECELLSIGNALR:BIOMART:HOMOLOGENE:Annotation:LRBase.Ssa.eg.db:Salmo salar:Atlantic salmon:v012"
"LRBaseDb for Sus scrofa (Pig, v012)","Correspondence table between Ligand Gene ID and Receptor ID for Sus scrofa (Pig)","3.24",NA,"CSV","https://github.com/rikenbit/lrbase-workflow","16-Sep-2026","Sus scrofa",9823,NA,"FANTOM5,DLRP,IUPHAR,HPRD,STRING,SWISSPROT,TREMBL,ENSEMBL,CELLPHONEDB,BADERLAB,SINGLECELLSIGNALR,HOMOLOGENE","Koki Tsuyuzaki <k.t.the-answer@hotmail.co.jp>","SQLiteFile","FilePath","AHLRBaseDbs/v012/LRBase.Ssc.eg.db.sqlite","LRBaseDb:LRBase:NCBI:Gene:NCBI Gene:FANTOM5:DLRP:IUPHAR:HPRD:STRING:UNIPROTKB:SWISSPROT:TREMBL:ENSEMBL:CELLPHONEDB:BADERLAB:SINGLECELLSIGNALR:BIOMART:HOMOLOGENE:Annotation:LRBase.Ssc.eg.db:Sus scrofa:Pig:v012"
"LRBaseDb for Taeniopygia guttata (Zebra finch, v012)","Correspondence table between Ligand Gene ID and Receptor ID for Taeniopygia guttata (Zebra finch)","3.24",NA,"CSV","https://github.com/rikenbit/lrbase-workflow","16-Sep-2026","Taeniopygia guttata",59729,NA,"FANTOM5,DLRP,IUPHAR,HPRD,STRING,SWISSPROT,TREMBL,ENSEMBL,CELLPHONEDB,BADERLAB,SINGLECELLSIGNALR,HOMOLOGENE","Koki Tsuyuzaki <k.t.the-answer@hotmail.co.jp>","SQLiteFile","FilePath","AHLRBaseDbs/v012/LRBase.Tgu.eg.db.sqlite","LRBaseDb:LRBase:NCBI:Gene:NCBI Gene:FANTOM5:DLRP:IUPHAR:HPRD:STRING:UNIPROTKB:SWISSPROT:TREMBL:ENSEMBL:CELLPHONEDB:BADERLAB:SINGLECELLSIGNALR:BIOMART:HOMOLOGENE:Annotation:LRBase.Tgu.eg.db:Taeniopygia guttata:Zebra finch:v012"
"LRBaseDb for Takifugu rubripes (Fugu, v012)","Correspondence table between Ligand Gene ID and Receptor ID for Takifugu rubripes (Fugu)","3.24",NA,"CSV","https://github.com/rikenbit/lrbase-workflow","16-Sep-2026","Takifugu rubripes",31033,NA,"FANTOM5,DLRP,IUPHAR,HPRD,STRING,SWISSPROT,TREMBL,ENSEMBL,CELLPHONEDB,BADERLAB,SINGLECELLSIGNALR,HOMOLOGENE","Koki Tsuyuzaki <k.t.the-answer@hotmail.co.jp>","SQLiteFile","FilePath","AHLRBaseDbs/v012/LRBase.Tru.eg.db.sqlite","LRBaseDb:LRBase:NCBI:Gene:NCBI Gene:FANTOM5:DLRP:IUPHAR:HPRD:STRING:UNIPROTKB:SWISSPROT:TREMBL:ENSEMBL:CELLPHONEDB:BADERLAB:SINGLECELLSIGNALR:BIOMART:HOMOLOGENE:Annotation:LRBase.Tru.eg.db:Takifugu rubripes:Fugu:v012"
"LRBaseDb for Tursiops truncatus (Dolphin, v012)","Correspondence table between Ligand Gene ID and Receptor ID for Tursiops truncatus (Dolphin)","3.24",NA,"CSV","https://github.com/rikenbit/lrbase-workflow","16-Sep-2026","Tursiops truncatus",9739,NA,"FANTOM5,DLRP,IUPHAR,HPRD,STRING,SWISSPROT,TREMBL,ENSEMBL,CELLPHONEDB,BADERLAB,SINGLECELLSIGNALR,HOMOLOGENE","Koki Tsuyuzaki <k.t.the-answer@hotmail.co.jp>","SQLiteFile","FilePath","AHLRBaseDbs/v012/LRBase.Ttr.eg.db.sqlite","LRBaseDb:LRBase:NCBI:Gene:NCBI Gene:FANTOM5:DLRP:IUPHAR:HPRD:STRING:UNIPROTKB:SWISSPROT:TREMBL:ENSEMBL:CELLPHONEDB:BADERLAB:SINGLECELLSIGNALR:BIOMART:HOMOLOGENE:Annotation:LRBase.Ttr.eg.db:Tursiops truncatus:Dolphin:v012"
"LRBaseDb for Ursus maritimus (Polar bear, v012)","Correspondence table between Ligand Gene ID and Receptor ID for Ursus maritimus (Polar bear)","3.24",NA,"CSV","https://github.com/rikenbit/lrbase-workflow","16-Sep-2026","Ursus maritimus",29073,NA,"FANTOM5,DLRP,IUPHAR,HPRD,STRING,SWISSPROT,TREMBL,ENSEMBL,CELLPHONEDB,BADERLAB,SINGLECELLSIGNALR,HOMOLOGENE","Koki Tsuyuzaki <k.t.the-answer@hotmail.co.jp>","SQLiteFile","FilePath","AHLRBaseDbs/v012/LRBase.Uma.eg.db.sqlite","LRBaseDb:LRBase:NCBI:Gene:NCBI Gene:FANTOM5:DLRP:IUPHAR:HPRD:STRING:UNIPROTKB:SWISSPROT:TREMBL:ENSEMBL:CELLPHONEDB:BADERLAB:SINGLECELLSIGNALR:BIOMART:HOMOLOGENE:Annotation:LRBase.Uma.eg.db:Ursus maritimus:Polar bear:v012"
"LRBaseDb for Vombatus ursinus (Common wombat, v012)","Correspondence table between Ligand Gene ID and Receptor ID for Vombatus ursinus (Common wombat)","3.24",NA,"CSV","https://github.com/rikenbit/lrbase-workflow","16-Sep-2026","Vombatus ursinus",29139,NA,"FANTOM5,DLRP,IUPHAR,HPRD,STRING,SWISSPROT,TREMBL,ENSEMBL,CELLPHONEDB,BADERLAB,SINGLECELLSIGNALR,HOMOLOGENE","Koki Tsuyuzaki <k.t.the-answer@hotmail.co.jp>","SQLiteFile","FilePath","AHLRBaseDbs/v012/LRBase.Vur.eg.db.sqlite","LRBaseDb:LRBase:NCBI:Gene:NCBI Gene:FANTOM5:DLRP:IUPHAR:HPRD:STRING:UNIPROTKB:SWISSPROT:TREMBL:ENSEMBL:CELLPHONEDB:BADERLAB:SINGLECELLSIGNALR:BIOMART:HOMOLOGENE:Annotation:LRBase.Vur.eg.db:Vombatus ursinus:Common wombat:v012"
"LRBaseDb for Vulpes vulpes (Red fox, v012)","Correspondence table between Ligand Gene ID and Receptor ID for Vulpes vulpes (Red fox)","3.24",NA,"CSV","https://github.com/rikenbit/lrbase-workflow","16-Sep-2026","Vulpes vulpes",9627,NA,"FANTOM5,DLRP,IUPHAR,HPRD,STRING,SWISSPROT,TREMBL,ENSEMBL,CELLPHONEDB,BADERLAB,SINGLECELLSIGNALR,HOMOLOGENE","Koki Tsuyuzaki <k.t.the-answer@hotmail.co.jp>","SQLiteFile","FilePath","AHLRBaseDbs/v012/LRBase.Vvu.eg.db.sqlite","LRBaseDb:LRBase:NCBI:Gene:NCBI Gene:FANTOM5:DLRP:IUPHAR:HPRD:STRING:UNIPROTKB:SWISSPROT:TREMBL:ENSEMBL:CELLPHONEDB:BADERLAB:SINGLECELLSIGNALR:BIOMART:HOMOLOGENE:Annotation:LRBase.Vvu.eg.db:Vulpes vulpes:Red fox:v012"
"LRBaseDb for Xenopus tropicalis (Tropical clawed frog, v012)","Correspondence table between Ligand Gene ID and Receptor ID for Xenopus tropicalis (Tropical clawed frog)","3.24",NA,"CSV","https://github.com/rikenbit/lrbase-workflow","16-Sep-2026","Xenopus tropicalis",8364,NA,"FANTOM5,DLRP,IUPHAR,HPRD,STRING,SWISSPROT,TREMBL,ENSEMBL,CELLPHONEDB,BADERLAB,SINGLECELLSIGNALR,HOMOLOGENE","Koki Tsuyuzaki <k.t.the-answer@hotmail.co.jp>","SQLiteFile","FilePath","AHLRBaseDbs/v012/LRBase.Xtr.eg.db.sqlite","LRBaseDb:LRBase:NCBI:Gene:NCBI Gene:FANTOM5:DLRP:IUPHAR:HPRD:STRING:UNIPROTKB:SWISSPROT:TREMBL:ENSEMBL:CELLPHONEDB:BADERLAB:SINGLECELLSIGNALR:BIOMART:HOMOLOGENE:Annotation:LRBase.Xtr.eg.db:Xenopus tropicalis:Tropical clawed frog:v012"
